This is pdfTeX, Version 3.141592653-2.6-1.40.29 (TeX Live 2026) (preloaded format=pdflatex 2026.6.1)  20 AUG 2026 12:41
entering extended mode
 restricted \write18 enabled.
 %&-line parsing enabled.
**main.tex
(./main.tex
LaTeX2e <2025-11-01>
L3 programming layer <2026-01-19>
(/usr/local/texlive/2026/texmf-dist/tex/latex/base/book.cls
Document Class: book 2025/01/22 v1.4n Standard LaTeX document class
(/usr/local/texlive/2026/texmf-dist/tex/latex/base/bk11.clo
File: bk11.clo 2025/01/22 v1.4n Standard LaTeX file (size option)
)
\c@part=\count275
\c@chapter=\count276
\c@section=\count277
\c@subsection=\count278
\c@subsubsection=\count279
\c@paragraph=\count280
\c@subparagraph=\count281
\c@figure=\count282
\c@table=\count283
\abovecaptionskip=\skip49
\belowcaptionskip=\skip50
\bibindent=\dimen148
)
(/usr/local/texlive/2026/texmf-dist/tex/latex/geometry/geometry.sty
Package: geometry 2026/03/07 v6.0 Page Geometry

(/usr/local/texlive/2026/texmf-dist/tex/latex/graphics/keyval.sty
Package: keyval 2022/05/29 v1.15 key=value parser (DPC)
\KV@toks@=\toks17
)
(/usr/local/texlive/2026/texmf-dist/tex/generic/iftex/ifvtex.sty
Package: ifvtex 2019/10/25 v1.7 ifvtex legacy package. Use iftex instead.

(/usr/local/texlive/2026/texmf-dist/tex/generic/iftex/iftex.sty
Package: iftex 2024/12/12 v1.0g TeX engine tests
))
\Gm@cnth=\count284
\Gm@cntv=\count285
\c@Gm@tempcnt=\count286
\Gm@bindingoffset=\dimen149
\Gm@wd@mp=\dimen150
\Gm@odd@mp=\dimen151
\Gm@even@mp=\dimen152
\Gm@layoutwidth=\dimen153
\Gm@layoutheight=\dimen154
\Gm@layouthoffset=\dimen155
\Gm@layoutvoffset=\dimen156
\Gm@dimlist=\toks18
)
(/usr/local/texlive/2026/texmf-dist/tex/latex/base/fontenc.sty
Package: fontenc 2025/07/18 v2.1d Standard LaTeX package
)
(/usr/local/texlive/2026/texmf-dist/tex/latex/lm/lmodern.sty
Package: lmodern 2015/05/01 v1.6.1 Latin Modern Fonts
LaTeX Font Info:    Overwriting symbol font `operators' in version `normal'
(Font)                  OT1/cmr/m/n --> OT1/lmr/m/n on input line 22.
LaTeX Font Info:    Overwriting symbol font `letters' in version `normal'
(Font)                  OML/cmm/m/it --> OML/lmm/m/it on input line 23.
LaTeX Font Info:    Overwriting symbol font `symbols' in version `normal'
(Font)                  OMS/cmsy/m/n --> OMS/lmsy/m/n on input line 24.
LaTeX Font Info:    Overwriting symbol font `largesymbols' in version `normal'
(Font)                  OMX/cmex/m/n --> OMX/lmex/m/n on input line 25.
LaTeX Font Info:    Overwriting symbol font `operators' in version `bold'
(Font)                  OT1/cmr/bx/n --> OT1/lmr/bx/n on input line 26.
LaTeX Font Info:    Overwriting symbol font `letters' in version `bold'
(Font)                  OML/cmm/b/it --> OML/lmm/b/it on input line 27.
LaTeX Font Info:    Overwriting symbol font `symbols' in version `bold'
(Font)                  OMS/cmsy/b/n --> OMS/lmsy/b/n on input line 28.
LaTeX Font Info:    Overwriting symbol font `largesymbols' in version `bold'
(Font)                  OMX/cmex/m/n --> OMX/lmex/m/n on input line 29.
LaTeX Font Info:    Overwriting math alphabet `\mathbf' in version `normal'
(Font)                  OT1/cmr/bx/n --> OT1/lmr/bx/n on input line 31.
LaTeX Font Info:    Overwriting math alphabet `\mathsf' in version `normal'
(Font)                  OT1/cmss/m/n --> OT1/lmss/m/n on input line 32.
LaTeX Font Info:    Overwriting math alphabet `\mathit' in version `normal'
(Font)                  OT1/cmr/m/it --> OT1/lmr/m/it on input line 33.
LaTeX Font Info:    Overwriting math alphabet `\mathtt' in version `normal'
(Font)                  OT1/cmtt/m/n --> OT1/lmtt/m/n on input line 34.
LaTeX Font Info:    Overwriting math alphabet `\mathbf' in version `bold'
(Font)                  OT1/cmr/bx/n --> OT1/lmr/bx/n on input line 35.
LaTeX Font Info:    Overwriting math alphabet `\mathsf' in version `bold'
(Font)                  OT1/cmss/bx/n --> OT1/lmss/bx/n on input line 36.
LaTeX Font Info:    Overwriting math alphabet `\mathit' in version `bold'
(Font)                  OT1/cmr/bx/it --> OT1/lmr/bx/it on input line 37.
LaTeX Font Info:    Overwriting math alphabet `\mathtt' in version `bold'
(Font)                  OT1/cmtt/m/n --> OT1/lmtt/m/n on input line 38.
)
(/usr/local/texlive/2026/texmf-dist/tex/latex/microtype/microtype.sty
Package: microtype 2026/03/01 v3.2d Micro-typographical refinements (RS)

(/usr/local/texlive/2026/texmf-dist/tex/latex/etoolbox/etoolbox.sty
Package: etoolbox 2025/10/02 v2.5m e-TeX tools for LaTeX (JAW)
\etb@tempcnta=\count287
)
\MT@toks=\toks19
\MT@tempbox=\box53
\MT@count=\count288
LaTeX Info: Redefining \noprotrusionifhmode on input line 1084.
LaTeX Info: Redefining \leftprotrusion on input line 1085.
\MT@prot@toks=\toks20
LaTeX Info: Redefining \rightprotrusion on input line 1104.
LaTeX Info: Redefining \textls on input line 1449.
\MT@outer@kern=\dimen157
LaTeX Info: Redefining \microtypecontext on input line 2053.
LaTeX Info: Redefining \textmicrotypecontext on input line 2070.
\MT@listname@count=\count289

(/usr/local/texlive/2026/texmf-dist/tex/latex/microtype/microtype-pdftex.def
File: microtype-pdftex.def 2026/03/01 v3.2d Definitions specific to pdftex (RS)

LaTeX Info: Redefining \lsstyle on input line 944.
LaTeX Info: Redefining \lslig on input line 944.
\MT@outer@space=\skip51
)
Package microtype Info: Loading configuration file microtype.cfg.

(/usr/local/texlive/2026/texmf-dist/tex/latex/microtype/microtype.cfg
File: microtype.cfg 2026/03/01 v3.2d microtype main configuration file (RS)
)
LaTeX Info: Redefining \microtypesetup on input line 3065.
)
(/usr/local/texlive/2026/texmf-dist/tex/latex/setspace/setspace.sty
Package: setspace 2022/12/04 v6.7b set line spacing
)
(./omphys.sty
Package: omphys 2026/05/10 OM physics/math macros
 (/usr/local/texlive/2026/texmf-dist/tex/latex/amsmath/amsmath.sty
Package: amsmath 2025/07/09 v2.17z AMS math features
\@mathmargin=\skip52
For additional information on amsmath, use the `?' option.
(/usr/local/texlive/2026/texmf-dist/tex/latex/amsmath/amstext.sty
Package: amstext 2024/11/17 v2.01 AMS text

(/usr/local/texlive/2026/texmf-dist/tex/latex/amsmath/amsgen.sty
File: amsgen.sty 1999/11/30 v2.0 generic functions
\@emptytoks=\toks21
\ex@=\dimen158
))
(/usr/local/texlive/2026/texmf-dist/tex/latex/amsmath/amsbsy.sty
Package: amsbsy 1999/11/29 v1.2d Bold Symbols
\pmbraise@=\dimen159
)
(/usr/local/texlive/2026/texmf-dist/tex/latex/amsmath/amsopn.sty
Package: amsopn 2022/04/08 v2.04 operator names
)
\inf@bad=\count290
LaTeX Info: Redefining \frac on input line 233.
\uproot@=\count291
\leftroot@=\count292
LaTeX Info: Redefining \overline on input line 398.
LaTeX Info: Redefining \colon on input line 409.
\classnum@=\count293
\DOTSCASE@=\count294
LaTeX Info: Redefining \ldots on input line 495.
LaTeX Info: Redefining \dots on input line 498.
LaTeX Info: Redefining \cdots on input line 619.
\Mathstrutbox@=\box54
\strutbox@=\box55
LaTeX Info: Redefining \big on input line 721.
LaTeX Info: Redefining \Big on input line 722.
LaTeX Info: Redefining \bigg on input line 723.
LaTeX Info: Redefining \Bigg on input line 724.
\big@size=\dimen160
LaTeX Font Info:    Redeclaring font encoding OML on input line 742.
LaTeX Font Info:    Redeclaring font encoding OMS on input line 743.
\macc@depth=\count295
LaTeX Info: Redefining \bmod on input line 904.
LaTeX Info: Redefining \pmod on input line 909.
LaTeX Info: Redefining \smash on input line 939.
LaTeX Info: Redefining \relbar on input line 969.
LaTeX Info: Redefining \Relbar on input line 970.
\c@MaxMatrixCols=\count296
\dotsspace@=\muskip17
\c@parentequation=\count297
\dspbrk@lvl=\count298
\tag@help=\toks22
\row@=\count299
\column@=\count300
\maxfields@=\count301
\andhelp@=\toks23
\eqnshift@=\dimen161
\alignsep@=\dimen162
\tagshift@=\dimen163
\tagwidth@=\dimen164
\totwidth@=\dimen165
\lineht@=\dimen166
\@envbody=\toks24
\multlinegap=\skip53
\multlinetaggap=\skip54
\mathdisplay@stack=\toks25
LaTeX Info: Redefining \[ on input line 2950.
LaTeX Info: Redefining \] on input line 2951.
)
(/usr/local/texlive/2026/texmf-dist/tex/latex/amsfonts/amssymb.sty
Package: amssymb 2013/01/14 v3.01 AMS font symbols

(/usr/local/texlive/2026/texmf-dist/tex/latex/amsfonts/amsfonts.sty
Package: amsfonts 2013/01/14 v3.01 Basic AMSFonts support
\symAMSa=\mathgroup4
\symAMSb=\mathgroup5
LaTeX Font Info:    Redeclaring math symbol \hbar on input line 98.
LaTeX Font Info:    Overwriting math alphabet `\mathfrak' in version `bold'
(Font)                  U/euf/m/n --> U/euf/b/n on input line 106.
))
(/usr/local/texlive/2026/texmf-dist/tex/latex/mathtools/mathtools.sty
Package: mathtools 2024/10/04 v1.31 mathematical typesetting tools

(/usr/local/texlive/2026/texmf-dist/tex/latex/tools/calc.sty
Package: calc 2025/03/01 v4.3b Infix arithmetic (KKT,FJ)
\calc@Acount=\count302
\calc@Bcount=\count303
\calc@Adimen=\dimen167
\calc@Bdimen=\dimen168
\calc@Askip=\skip55
\calc@Bskip=\skip56
LaTeX Info: Redefining \setlength on input line 86.
LaTeX Info: Redefining \addtolength on input line 87.
\calc@Ccount=\count304
\calc@Cskip=\skip57
)
(/usr/local/texlive/2026/texmf-dist/tex/latex/mathtools/mhsetup.sty
Package: mhsetup 2021/03/18 v1.4 programming setup (MH)
)
\g_MT_multlinerow_int=\count305
\l_MT_multwidth_dim=\dimen169
\origjot=\skip58
\l_MT_shortvdotswithinadjustabove_dim=\dimen170
\l_MT_shortvdotswithinadjustbelow_dim=\dimen171
\l_MT_above_intertext_sep=\dimen172
\l_MT_below_intertext_sep=\dimen173
\l_MT_above_shortintertext_sep=\dimen174
\l_MT_below_shortintertext_sep=\dimen175
\xmathstrut@box=\box56
\xmathstrut@dim=\dimen176
)
(/usr/local/texlive/2026/texmf-dist/tex/latex/xcolor/xcolor.sty
Package: xcolor 2024/09/29 v3.02 LaTeX color extensions (UK)

(/usr/local/texlive/2026/texmf-dist/tex/latex/graphics-cfg/color.cfg
File: color.cfg 2016/01/02 v1.6 sample color configuration
)
Package xcolor Info: Driver file: pdftex.def on input line 274.

(/usr/local/texlive/2026/texmf-dist/tex/latex/graphics-def/pdftex.def
File: pdftex.def 2025/09/29 v1.2d Graphics/color driver for pdftex
)
(/usr/local/texlive/2026/texmf-dist/tex/latex/graphics/mathcolor.ltx)
Package xcolor Info: Model `cmy' substituted by `cmy0' on input line 1349.
Package xcolor Info: Model `hsb' substituted by `rgb' on input line 1353.
Package xcolor Info: Model `RGB' extended on input line 1365.
Package xcolor Info: Model `HTML' substituted by `rgb' on input line 1367.
Package xcolor Info: Model `Hsb' substituted by `hsb' on input line 1368.
Package xcolor Info: Model `tHsb' substituted by `hsb' on input line 1369.
Package xcolor Info: Model `HSB' substituted by `hsb' on input line 1370.
Package xcolor Info: Model `Gray' substituted by `gray' on input line 1371.
Package xcolor Info: Model `wave' substituted by `hsb' on input line 1372.
)
(/usr/local/texlive/2026/texmf-dist/tex/latex/graphics/graphicx.sty
Package: graphicx 2024/12/31 v1.2e Enhanced LaTeX Graphics (DPC,SPQR)

(/usr/local/texlive/2026/texmf-dist/tex/latex/graphics/graphics.sty
Package: graphics 2024/08/06 v1.4g Standard LaTeX Graphics (DPC,SPQR)

(/usr/local/texlive/2026/texmf-dist/tex/latex/graphics/trig.sty
Package: trig 2023/12/02 v1.11 sin cos tan (DPC)
)
(/usr/local/texlive/2026/texmf-dist/tex/latex/graphics-cfg/graphics.cfg
File: graphics.cfg 2016/06/04 v1.11 sample graphics configuration
)
Package graphics Info: Driver file: pdftex.def on input line 106.
)
\Gin@req@height=\dimen177
\Gin@req@width=\dimen178
)
(/usr/local/texlive/2026/texmf-dist/tex/latex/tools/bm.sty
Package: bm 2025/10/21 v1.2g Bold Symbol Support (DPC/FMi)
\symboldoperators=\mathgroup6
\symboldletters=\mathgroup7
\symboldsymbols=\mathgroup8
Package bm Info: No bold for \OMX/lmex/m/n, using \pmb.
Package bm Info: No bold for \U/msa/m/n, using \pmb.
Package bm Info: No bold for \U/msb/m/n, using \pmb.
LaTeX Font Info:    Redeclaring math alphabet \mathbf on input line 149.
)
\omphys@revisionnum=\count306
)
(/usr/local/texlive/2026/texmf-dist/tex/latex/amscls/amsthm.sty
Package: amsthm 2020/05/29 v2.20.6
\thm@style=\toks26
\thm@bodyfont=\toks27
\thm@headfont=\toks28
\thm@notefont=\toks29
\thm@headpunct=\toks30
\thm@preskip=\skip59
\thm@postskip=\skip60
\thm@headsep=\skip61
\dth@everypar=\toks31
)
(/usr/local/texlive/2026/texmf-dist/tex/latex/booktabs/booktabs.sty
Package: booktabs 2020/01/12 v1.61803398 Publication quality tables
\heavyrulewidth=\dimen179
\lightrulewidth=\dimen180
\cmidrulewidth=\dimen181
\belowrulesep=\dimen182
\belowbottomsep=\dimen183
\aboverulesep=\dimen184
\abovetopsep=\dimen185
\cmidrulesep=\dimen186
\cmidrulekern=\dimen187
\defaultaddspace=\dimen188
\@cmidla=\count307
\@cmidlb=\count308
\@aboverulesep=\dimen189
\@belowrulesep=\dimen190
\@thisruleclass=\count309
\@lastruleclass=\count310
\@thisrulewidth=\dimen191
)
(/usr/local/texlive/2026/texmf-dist/tex/latex/tools/array.sty
Package: array 2025/09/25 v2.6n Tabular extension package (FMi)
\col@sep=\dimen192
\ar@mcellbox=\box57
\extrarowheight=\dimen193
\NC@list=\toks32
\extratabsurround=\skip62
\backup@length=\skip63
\ar@cellbox=\box58
)
(/usr/local/texlive/2026/texmf-dist/tex/latex/tools/longtable.sty
Package: longtable 2025-10-13 v4.24 Multi-page Table package (DPC)
\LTleft=\skip64
\LTright=\skip65
\LTpre=\skip66
\LTpost=\skip67
\LTchunksize=\count311
\LTcapwidth=\dimen194
\LT@head=\box59
\LT@firsthead=\box60
\LT@foot=\box61
\LT@lastfoot=\box62
\LT@gbox=\box63
\LT@cols=\count312
\LT@rows=\count313
\c@LT@tables=\count314
\c@LT@chunks=\count315
\LT@p@ftn=\toks33
)
(/usr/local/texlive/2026/texmf-dist/tex/latex/tools/tabularx.sty
Package: tabularx 2023/12/11 v2.12a `tabularx' package (DPC)
\TX@col@width=\dimen195
\TX@old@table=\dimen196
\TX@old@col=\dimen197
\TX@target=\dimen198
\TX@delta=\dimen199
\TX@cols=\count316
\TX@ftn=\toks34
)
(/usr/local/texlive/2026/texmf-dist/tex/latex/enumitem/enumitem.sty
Package: enumitem 2025/02/06 v3.11 Customized lists
\labelindent=\skip68
\enit@outerparindent=\dimen256
\enit@toks=\toks35
\enit@inbox=\box64
\enit@count@id=\count317
\enitdp@description=\count318
)
(/usr/local/texlive/2026/texmf-dist/tex/latex/caption/subcaption.sty
Package: subcaption 2023/07/28 v1.6b Sub-captions (AR)

(/usr/local/texlive/2026/texmf-dist/tex/latex/caption/caption.sty
Package: caption 2023/08/05 v3.6o Customizing captions (AR)

(/usr/local/texlive/2026/texmf-dist/tex/latex/caption/caption3.sty
Package: caption3 2023/07/31 v2.4d caption3 kernel (AR)
\caption@tempdima=\dimen257
\captionmargin=\dimen258
\caption@leftmargin=\dimen259
\caption@rightmargin=\dimen260
\caption@width=\dimen261
\caption@indent=\dimen262
\caption@parindent=\dimen263
\caption@hangindent=\dimen264
Package caption Info: Standard document class detected.
)
\c@caption@flags=\count319
\c@continuedfloat=\count320
Package caption Info: longtable package is loaded.

(/usr/local/texlive/2026/texmf-dist/tex/latex/caption/ltcaption.sty
Package: ltcaption 2021/01/08 v1.4c longtable captions (AR)
))
Package caption Info: New subtype `subfigure' on input line 238.
\c@subfigure=\count321
Package caption Info: New subtype `subtable' on input line 238.
\c@subtable=\count322
)
(/usr/local/texlive/2026/texmf-dist/tex/latex/pgf/frontendlayer/tikz.sty
(/usr/local/texlive/2026/texmf-dist/tex/latex/pgf/basiclayer/pgf.sty
(/usr/local/texlive/2026/texmf-dist/tex/latex/pgf/utilities/pgfrcs.sty
(/usr/local/texlive/2026/texmf-dist/tex/generic/pgf/utilities/pgfutil-common.te
x
\pgfutil@everybye=\toks36
\pgfutil@tempdima=\dimen265
\pgfutil@tempdimb=\dimen266
)
(/usr/local/texlive/2026/texmf-dist/tex/generic/pgf/utilities/pgfutil-latex.def
\pgfutil@abb=\box65
) (/usr/local/texlive/2026/texmf-dist/tex/generic/pgf/utilities/pgfrcs.code.tex
(/usr/local/texlive/2026/texmf-dist/tex/generic/pgf/pgf.revision.tex)
Package: pgfrcs 2025-08-29 v3.1.11a (3.1.11a)
))
Package: pgf 2025-08-29 v3.1.11a (3.1.11a)

(/usr/local/texlive/2026/texmf-dist/tex/latex/pgf/basiclayer/pgfcore.sty
(/usr/local/texlive/2026/texmf-dist/tex/latex/pgf/systemlayer/pgfsys.sty
(/usr/local/texlive/2026/texmf-dist/tex/generic/pgf/systemlayer/pgfsys.code.tex
Package: pgfsys 2025-08-29 v3.1.11a (3.1.11a)
(/usr/local/texlive/2026/texmf-dist/tex/generic/pgf/utilities/pgfkeys.code.tex
\pgfkeys@pathtoks=\toks37
\pgfkeys@temptoks=\toks38

(/usr/local/texlive/2026/texmf-dist/tex/generic/pgf/utilities/pgfkeyslibraryfil
tered.code.tex
\pgfkeys@tmptoks=\toks39
))
\pgf@x=\dimen267
\pgf@y=\dimen268
\pgf@xa=\dimen269
\pgf@ya=\dimen270
\pgf@xb=\dimen271
\pgf@yb=\dimen272
\pgf@xc=\dimen273
\pgf@yc=\dimen274
\pgf@xd=\dimen275
\pgf@yd=\dimen276
\w@pgf@writea=\write3
\r@pgf@reada=\read2
\c@pgf@counta=\count323
\c@pgf@countb=\count324
\c@pgf@countc=\count325
\c@pgf@countd=\count326
\t@pgf@toka=\toks40
\t@pgf@tokb=\toks41
\t@pgf@tokc=\toks42
\pgf@sys@id@count=\count327

(/usr/local/texlive/2026/texmf-dist/tex/generic/pgf/systemlayer/pgf.cfg
File: pgf.cfg 2025-08-29 v3.1.11a (3.1.11a)
)
Driver file for pgf: pgfsys-pdftex.def

(/usr/local/texlive/2026/texmf-dist/tex/generic/pgf/systemlayer/pgfsys-pdftex.d
ef
File: pgfsys-pdftex.def 2025-08-29 v3.1.11a (3.1.11a)

(/usr/local/texlive/2026/texmf-dist/tex/generic/pgf/systemlayer/pgfsys-common-p
df.def
File: pgfsys-common-pdf.def 2025-08-29 v3.1.11a (3.1.11a)
)))
(/usr/local/texlive/2026/texmf-dist/tex/generic/pgf/systemlayer/pgfsyssoftpath.
code.tex
File: pgfsyssoftpath.code.tex 2025-08-29 v3.1.11a (3.1.11a)
\pgfsyssoftpath@smallbuffer@items=\count328
\pgfsyssoftpath@bigbuffer@items=\count329
)
(/usr/local/texlive/2026/texmf-dist/tex/generic/pgf/systemlayer/pgfsysprotocol.
code.tex
File: pgfsysprotocol.code.tex 2025-08-29 v3.1.11a (3.1.11a)
))
(/usr/local/texlive/2026/texmf-dist/tex/generic/pgf/basiclayer/pgfcore.code.tex
Package: pgfcore 2025-08-29 v3.1.11a (3.1.11a)
(/usr/local/texlive/2026/texmf-dist/tex/generic/pgf/math/pgfmath.code.tex
(/usr/local/texlive/2026/texmf-dist/tex/generic/pgf/math/pgfmathutil.code.tex)
(/usr/local/texlive/2026/texmf-dist/tex/generic/pgf/math/pgfmathparser.code.tex
\pgfmath@dimen=\dimen277
\pgfmath@count=\count330
\pgfmath@box=\box66
\pgfmath@toks=\toks43
\pgfmath@stack@operand=\toks44
\pgfmath@stack@operation=\toks45
)
(/usr/local/texlive/2026/texmf-dist/tex/generic/pgf/math/pgfmathfunctions.code.
tex)
(/usr/local/texlive/2026/texmf-dist/tex/generic/pgf/math/pgfmathfunctions.basic
.code.tex)
(/usr/local/texlive/2026/texmf-dist/tex/generic/pgf/math/pgfmathfunctions.trigo
nometric.code.tex)
(/usr/local/texlive/2026/texmf-dist/tex/generic/pgf/math/pgfmathfunctions.rando
m.code.tex)
(/usr/local/texlive/2026/texmf-dist/tex/generic/pgf/math/pgfmathfunctions.compa
rison.code.tex)
(/usr/local/texlive/2026/texmf-dist/tex/generic/pgf/math/pgfmathfunctions.base.
code.tex)
(/usr/local/texlive/2026/texmf-dist/tex/generic/pgf/math/pgfmathfunctions.round
.code.tex)
(/usr/local/texlive/2026/texmf-dist/tex/generic/pgf/math/pgfmathfunctions.misc.
code.tex)
(/usr/local/texlive/2026/texmf-dist/tex/generic/pgf/math/pgfmathfunctions.integ
erarithmetics.code.tex)
(/usr/local/texlive/2026/texmf-dist/tex/generic/pgf/math/pgfmathcalc.code.tex)
(/usr/local/texlive/2026/texmf-dist/tex/generic/pgf/math/pgfmathfloat.code.tex
\c@pgfmathroundto@lastzeros=\count331
)) (/usr/local/texlive/2026/texmf-dist/tex/generic/pgf/math/pgfint.code.tex)
(/usr/local/texlive/2026/texmf-dist/tex/generic/pgf/basiclayer/pgfcorepoints.co
de.tex
File: pgfcorepoints.code.tex 2025-08-29 v3.1.11a (3.1.11a)
\pgf@picminx=\dimen278
\pgf@picmaxx=\dimen279
\pgf@picminy=\dimen280
\pgf@picmaxy=\dimen281
\pgf@pathminx=\dimen282
\pgf@pathmaxx=\dimen283
\pgf@pathminy=\dimen284
\pgf@pathmaxy=\dimen285
\pgf@xx=\dimen286
\pgf@xy=\dimen287
\pgf@yx=\dimen288
\pgf@yy=\dimen289
\pgf@zx=\dimen290
\pgf@zy=\dimen291
)
(/usr/local/texlive/2026/texmf-dist/tex/generic/pgf/basiclayer/pgfcorepathconst
ruct.code.tex
File: pgfcorepathconstruct.code.tex 2025-08-29 v3.1.11a (3.1.11a)
\pgf@path@lastx=\dimen292
\pgf@path@lasty=\dimen293
)
(/usr/local/texlive/2026/texmf-dist/tex/generic/pgf/basiclayer/pgfcorepathusage
.code.tex
File: pgfcorepathusage.code.tex 2025-08-29 v3.1.11a (3.1.11a)
\pgf@shorten@end@additional=\dimen294
\pgf@shorten@start@additional=\dimen295
)
(/usr/local/texlive/2026/texmf-dist/tex/generic/pgf/basiclayer/pgfcorescopes.co
de.tex
File: pgfcorescopes.code.tex 2025-08-29 v3.1.11a (3.1.11a)
\pgfpic=\box67
\pgf@hbox=\box68
\pgf@layerbox@main=\box69
\pgf@picture@serial@count=\count332
)
(/usr/local/texlive/2026/texmf-dist/tex/generic/pgf/basiclayer/pgfcoregraphicst
ate.code.tex
File: pgfcoregraphicstate.code.tex 2025-08-29 v3.1.11a (3.1.11a)
\pgflinewidth=\dimen296
)
(/usr/local/texlive/2026/texmf-dist/tex/generic/pgf/basiclayer/pgfcoretransform
ations.code.tex
File: pgfcoretransformations.code.tex 2025-08-29 v3.1.11a (3.1.11a)
\pgf@pt@x=\dimen297
\pgf@pt@y=\dimen298
\pgf@pt@temp=\dimen299
)
(/usr/local/texlive/2026/texmf-dist/tex/generic/pgf/basiclayer/pgfcorequick.cod
e.tex
File: pgfcorequick.code.tex 2025-08-29 v3.1.11a (3.1.11a)
)
(/usr/local/texlive/2026/texmf-dist/tex/generic/pgf/basiclayer/pgfcoreobjects.c
ode.tex
File: pgfcoreobjects.code.tex 2025-08-29 v3.1.11a (3.1.11a)
)
(/usr/local/texlive/2026/texmf-dist/tex/generic/pgf/basiclayer/pgfcorepathproce
ssing.code.tex
File: pgfcorepathprocessing.code.tex 2025-08-29 v3.1.11a (3.1.11a)
)
(/usr/local/texlive/2026/texmf-dist/tex/generic/pgf/basiclayer/pgfcorearrows.co
de.tex
File: pgfcorearrows.code.tex 2025-08-29 v3.1.11a (3.1.11a)
\pgfarrowsep=\dimen300
)
(/usr/local/texlive/2026/texmf-dist/tex/generic/pgf/basiclayer/pgfcoreshade.cod
e.tex
File: pgfcoreshade.code.tex 2025-08-29 v3.1.11a (3.1.11a)
\pgf@max=\dimen301
\pgf@sys@shading@range@num=\count333
\pgf@shadingcount=\count334
)
(/usr/local/texlive/2026/texmf-dist/tex/generic/pgf/basiclayer/pgfcoreimage.cod
e.tex
File: pgfcoreimage.code.tex 2025-08-29 v3.1.11a (3.1.11a)
)
(/usr/local/texlive/2026/texmf-dist/tex/generic/pgf/basiclayer/pgfcoreexternal.
code.tex
File: pgfcoreexternal.code.tex 2025-08-29 v3.1.11a (3.1.11a)
\pgfexternal@startupbox=\box70
)
(/usr/local/texlive/2026/texmf-dist/tex/generic/pgf/basiclayer/pgfcorelayers.co
de.tex
File: pgfcorelayers.code.tex 2025-08-29 v3.1.11a (3.1.11a)
)
(/usr/local/texlive/2026/texmf-dist/tex/generic/pgf/basiclayer/pgfcoretranspare
ncy.code.tex
File: pgfcoretransparency.code.tex 2025-08-29 v3.1.11a (3.1.11a)
)
(/usr/local/texlive/2026/texmf-dist/tex/generic/pgf/basiclayer/pgfcorepatterns.
code.tex
File: pgfcorepatterns.code.tex 2025-08-29 v3.1.11a (3.1.11a)
)
(/usr/local/texlive/2026/texmf-dist/tex/generic/pgf/basiclayer/pgfcorerdf.code.
tex
File: pgfcorerdf.code.tex 2025-08-29 v3.1.11a (3.1.11a)
)))
(/usr/local/texlive/2026/texmf-dist/tex/generic/pgf/modules/pgfmoduleshapes.cod
e.tex
File: pgfmoduleshapes.code.tex 2025-08-29 v3.1.11a (3.1.11a)
\pgfnodeparttextbox=\box71
)
(/usr/local/texlive/2026/texmf-dist/tex/generic/pgf/modules/pgfmoduleplot.code.
tex
File: pgfmoduleplot.code.tex 2025-08-29 v3.1.11a (3.1.11a)
)
(/usr/local/texlive/2026/texmf-dist/tex/latex/pgf/compatibility/pgfcomp-version
-0-65.sty
Package: pgfcomp-version-0-65 2025-08-29 v3.1.11a (3.1.11a)
\pgf@nodesepstart=\dimen302
\pgf@nodesepend=\dimen303
)
(/usr/local/texlive/2026/texmf-dist/tex/latex/pgf/compatibility/pgfcomp-version
-1-18.sty
Package: pgfcomp-version-1-18 2025-08-29 v3.1.11a (3.1.11a)
))
(/usr/local/texlive/2026/texmf-dist/tex/latex/pgf/utilities/pgffor.sty
(/usr/local/texlive/2026/texmf-dist/tex/latex/pgf/utilities/pgfkeys.sty
(/usr/local/texlive/2026/texmf-dist/tex/generic/pgf/utilities/pgfkeys.code.tex)
) (/usr/local/texlive/2026/texmf-dist/tex/latex/pgf/math/pgfmath.sty
(/usr/local/texlive/2026/texmf-dist/tex/generic/pgf/math/pgfmath.code.tex))
(/usr/local/texlive/2026/texmf-dist/tex/generic/pgf/utilities/pgffor.code.tex
Package: pgffor 2025-08-29 v3.1.11a (3.1.11a)
\pgffor@iter=\dimen304
\pgffor@skip=\dimen305
\pgffor@stack=\toks46
\pgffor@toks=\toks47
))
(/usr/local/texlive/2026/texmf-dist/tex/generic/pgf/frontendlayer/tikz/tikz.cod
e.tex
Package: tikz 2025-08-29 v3.1.11a (3.1.11a)

(/usr/local/texlive/2026/texmf-dist/tex/generic/pgf/libraries/pgflibraryplothan
dlers.code.tex
File: pgflibraryplothandlers.code.tex 2025-08-29 v3.1.11a (3.1.11a)
\pgf@plot@mark@count=\count335
\pgfplotmarksize=\dimen306
)
\tikz@lastx=\dimen307
\tikz@lasty=\dimen308
\tikz@lastxsaved=\dimen309
\tikz@lastysaved=\dimen310
\tikz@lastmovetox=\dimen311
\tikz@lastmovetoy=\dimen312
\tikzleveldistance=\dimen313
\tikzsiblingdistance=\dimen314
\tikz@figbox=\box72
\tikz@figbox@bg=\box73
\tikz@tempbox=\box74
\tikz@tempbox@bg=\box75
\tikztreelevel=\count336
\tikznumberofchildren=\count337
\tikznumberofcurrentchild=\count338
\tikz@fig@count=\count339

(/usr/local/texlive/2026/texmf-dist/tex/generic/pgf/modules/pgfmodulematrix.cod
e.tex
File: pgfmodulematrix.code.tex 2025-08-29 v3.1.11a (3.1.11a)
\pgfmatrixcurrentrow=\count340
\pgfmatrixcurrentcolumn=\count341
\pgf@matrix@numberofcolumns=\count342
)
\tikz@expandcount=\count343

(/usr/local/texlive/2026/texmf-dist/tex/generic/pgf/frontendlayer/tikz/librarie
s/tikzlibrarytopaths.code.tex
File: tikzlibrarytopaths.code.tex 2025-08-29 v3.1.11a (3.1.11a)
)))
(/usr/local/texlive/2026/texmf-dist/tex/generic/pgf/libraries/pgflibraryarrows.
meta.code.tex
File: pgflibraryarrows.meta.code.tex 2025-08-29 v3.1.11a (3.1.11a)
\pgfarrowinset=\dimen315
\pgfarrowlength=\dimen316
\pgfarrowwidth=\dimen317
\pgfarrowlinewidth=\dimen318
)
(/usr/local/texlive/2026/texmf-dist/tex/generic/pgf/frontendlayer/tikz/librarie
s/tikzlibrarycalc.code.tex
File: tikzlibrarycalc.code.tex 2025-08-29 v3.1.11a (3.1.11a)
)
(/usr/local/texlive/2026/texmf-dist/tex/generic/pgf/frontendlayer/tikz/librarie
s/tikzlibrarydecorations.pathmorphing.code.tex
(/usr/local/texlive/2026/texmf-dist/tex/generic/pgf/frontendlayer/tikz/librarie
s/tikzlibrarydecorations.code.tex
(/usr/local/texlive/2026/texmf-dist/tex/generic/pgf/modules/pgfmoduledecoration
s.code.tex
\pgfdecoratedcompleteddistance=\dimen319
\pgfdecoratedremainingdistance=\dimen320
\pgfdecoratedinputsegmentcompleteddistance=\dimen321
\pgfdecoratedinputsegmentremainingdistance=\dimen322
\pgf@decorate@distancetomove=\dimen323
\pgf@decorate@repeatstate=\count344
\pgfdecorationsegmentamplitude=\dimen324
\pgfdecorationsegmentlength=\dimen325
)
\tikz@lib@dec@box=\box76
)
(/usr/local/texlive/2026/texmf-dist/tex/generic/pgf/libraries/decorations/pgfli
brarydecorations.pathmorphing.code.tex))
(/usr/local/texlive/2026/texmf-dist/tex/generic/pgf/frontendlayer/tikz/librarie
s/tikzlibrarypositioning.code.tex
File: tikzlibrarypositioning.code.tex 2025-08-29 v3.1.11a (3.1.11a)
)
(/usr/local/texlive/2026/texmf-dist/tex/latex/comment/comment.sty
\CommentStream=\write4

Excluding comment 'comment')
(/usr/local/texlive/2026/texmf-dist/tex/latex/tcolorbox/tcolorbox.sty
Package: tcolorbox 2025/11/28 version 6.9.0 text color boxes

(/usr/local/texlive/2026/texmf-dist/tex/latex/tools/verbatim.sty
Package: verbatim 2024-01-22 v1.5x LaTeX2e package for verbatim enhancements
\every@verbatim=\toks48
\verbatim@line=\toks49
\verbatim@in@stream=\read3
)
(/usr/local/texlive/2026/texmf-dist/tex/latex/environ/environ.sty
Package: environ 2014/05/04 v0.3 A new way to define environments

(/usr/local/texlive/2026/texmf-dist/tex/latex/trimspaces/trimspaces.sty
Package: trimspaces 2009/09/17 v1.1 Trim spaces around a token list
))
\tcb@titlebox=\box77
\tcb@upperbox=\box78
\tcb@lowerbox=\box79
\tcb@phantombox=\box80
\c@tcbbreakpart=\count345
\c@tcblayer=\count346
\c@tcolorbox@number=\count347
\l__tcobox_tmpa_box=\box81
\l__tcobox_tmpa_dim=\dimen326
\tcb@temp=\box82
\tcb@temp=\box83
\tcb@temp=\box84
\tcb@temp=\box85

(/usr/local/texlive/2026/texmf-dist/tex/latex/tcolorbox/tcbraster.code.tex
Library (tcolorbox): 'tcbraster.code.tex' version '6.9.0'
\c@tcbrastercolumn=\count348
\c@tcbrasterrow=\count349
\c@tcbrasternum=\count350
\c@tcbraster=\count351
) (/usr/local/texlive/2026/texmf-dist/tex/latex/tcolorbox/tcbskins.code.tex
Library (tcolorbox): 'tcbskins.code.tex' version '6.9.0'
(/usr/local/texlive/2026/texmf-dist/tex/latex/tikzfill/tikzfill.image.sty
Package: tikzfill.image 2023/08/08 v1.0.1 Image filling library for TikZ

(/usr/local/texlive/2026/texmf-dist/tex/latex/tikzfill/tikzfill-common.sty
Package: tikzfill-common 2023/08/08 v1.0.1 Auxiliary code for tikzfill
)
(/usr/local/texlive/2026/texmf-dist/tex/latex/tikzfill/tikzlibraryfill.image.co
de.tex
File: tikzlibraryfill.image.code.tex 2023/08/08 v1.0.1 Image filling library
\l__tikzfill_img_box=\box86
))
(/usr/local/texlive/2026/texmf-dist/tex/latex/tcolorbox/tcbskinsjigsaw.code.tex
Library (tcolorbox): 'tcbskinsjigsaw.code.tex' version '6.9.0'
))
(/usr/local/texlive/2026/texmf-dist/tex/latex/tcolorbox/tcbbreakable.code.tex
Library (tcolorbox): 'tcbbreakable.code.tex' version '6.9.0'
(/usr/local/texlive/2026/texmf-dist/tex/latex/pdfcol/pdfcol.sty
Package: pdfcol 2022-09-21 v1.7 Handle new color stacks for pdfTeX (HO)

(/usr/local/texlive/2026/texmf-dist/tex/generic/ltxcmds/ltxcmds.sty
Package: ltxcmds 2023-12-04 v1.26 LaTeX kernel commands for general use (HO)
)
(/usr/local/texlive/2026/texmf-dist/tex/generic/infwarerr/infwarerr.sty
Package: infwarerr 2019/12/03 v1.5 Providing info/warning/error messages (HO)
))
Package pdfcol Info: New color stack `tcb@breakable' = 1 on input line 23.
\tcb@testbox=\box87
\tcb@totalupperbox=\box88
\tcb@totallowerbox=\box89
)
(/usr/local/texlive/2026/texmf-dist/tex/latex/tcolorbox/tcbhooks.code.tex
Library (tcolorbox): 'tcbhooks.code.tex' version '6.9.0'
) (/usr/local/texlive/2026/texmf-dist/tex/latex/tcolorbox/tcbtheorems.code.tex
Library (tcolorbox): 'tcbtheorems.code.tex' version '6.9.0'
) (/usr/local/texlive/2026/texmf-dist/tex/latex/tcolorbox/tcbfitting.code.tex
Library (tcolorbox): 'tcbfitting.code.tex' version '6.9.0'
\tcbfitdim=\dimen327
\tcb@lowerfitdim=\dimen328
\tcb@upperfitdim=\dimen329
\tcb@cur@hbadness=\count352
)
(/usr/local/texlive/2026/texmf-dist/tex/latex/tcolorbox/tcblistingsutf8.code.te
x
Library (tcolorbox): 'tcblistingsutf8.code.tex' version '6.9.0'
(/usr/local/texlive/2026/texmf-dist/tex/latex/tcolorbox/tcblistings.code.tex
Library (tcolorbox): 'tcblistings.code.tex' version '6.9.0'
(/usr/local/texlive/2026/texmf-dist/tex/latex/listings/listings.sty
\lst@mode=\count353
\lst@gtempboxa=\box90
\lst@token=\toks50
\lst@length=\count354
\lst@currlwidth=\dimen330
\lst@column=\count355
\lst@pos=\count356
\lst@lostspace=\dimen331
\lst@width=\dimen332
\lst@newlines=\count357
\lst@lineno=\count358
\lst@maxwidth=\dimen333

(/usr/local/texlive/2026/texmf-dist/tex/latex/listings/lstpatch.sty
File: lstpatch.sty 2025/11/14 1.11b (Carsten Heinz)
)
(/usr/local/texlive/2026/texmf-dist/tex/latex/listings/lstmisc.sty
File: lstmisc.sty 2025/11/14 1.11b (Carsten Heinz)
\c@lstnumber=\count359
\lst@skipnumbers=\count360
\lst@framebox=\box91
)
(/usr/local/texlive/2026/texmf-dist/tex/latex/listings/listings.cfg
File: listings.cfg 2025/11/14 1.11b listings configuration
))
Package: listings 2025/11/14 1.11b (Carsten Heinz)

==> First Aid for listings.sty no longer applied!
    Expected:
        2024/09/23 1.10c (Carsten Heinz)
    but found:
        2025/11/14 1.11b (Carsten Heinz)
    so I'm assuming it got fixed.

(/usr/local/texlive/2026/texmf-dist/tex/latex/tcolorbox/tcblistingscore.code.te
x
Library (tcolorbox): 'tcblistingscore.code.tex' version '6.9.0'
(/usr/local/texlive/2026/texmf-dist/tex/latex/tcolorbox/tcbprocessing.code.tex
Library (tcolorbox): 'tcbprocessing.code.tex' version '6.9.0'
)
\c@tcblisting=\count361
)) (/usr/local/texlive/2026/texmf-dist/tex/latex/listingsutf8/listingsutf8.sty
Package: listingsutf8 2019-12-10 v1.5 Allow UTF-8 in listings input (HO)
(/usr/local/texlive/2026/texmf-dist/tex/generic/pdftexcmds/pdftexcmds.sty
Package: pdftexcmds 2020-06-27 v0.33 Utility functions of pdfTeX for LuaTeX (HO
)
Package pdftexcmds Info: \pdf@primitive is available.
Package pdftexcmds Info: \pdf@ifprimitive is available.
Package pdftexcmds Info: \pdfdraftmode found.
)
(/usr/local/texlive/2026/texmf-dist/tex/generic/stringenc/stringenc.sty
Package: stringenc 2019/11/29 v1.12 Convert strings between diff. encodings (HO
)

(/usr/local/texlive/2026/texmf-dist/tex/generic/pdfescape/pdfescape.sty
Package: pdfescape 2019/12/09 v1.15 Implements pdfTeX's escape features (HO)
))))
(/usr/local/texlive/2026/texmf-dist/tex/latex/tcolorbox/tcbexternal.code.tex
Library (tcolorbox): 'tcbexternal.code.tex' version '6.9.0'
) (/usr/local/texlive/2026/texmf-dist/tex/latex/tcolorbox/tcbmagazine.code.tex
Library (tcolorbox): 'tcbmagazine.code.tex' version '6.9.0'
) (/usr/local/texlive/2026/texmf-dist/tex/latex/tcolorbox/tcbvignette.code.tex
Library (tcolorbox): 'tcbvignette.code.tex' version '6.9.0'

(/usr/local/texlive/2026/texmf-dist/tex/generic/pgf/frontendlayer/tikz/librarie
s/tikzlibraryfadings.code.tex
File: tikzlibraryfadings.code.tex 2025-08-29 v3.1.11a (3.1.11a)

(/usr/local/texlive/2026/texmf-dist/tex/generic/pgf/libraries/pgflibraryfadings
.code.tex
File: pgflibraryfadings.code.tex 2025-08-29 v3.1.11a (3.1.11a)
)))
(/usr/local/texlive/2026/texmf-dist/tex/latex/tcolorbox/tcbposter.code.tex
Library (tcolorbox): 'tcbposter.code.tex' version '6.9.0'
)) (/usr/local/texlive/2026/texmf-dist/tex/latex/fancyhdr/fancyhdr.sty
Package: fancyhdr 2025/02/07 v5.2 Extensive control of page headers and footers

\f@nch@headwidth=\skip69
\f@nch@offset@elh=\skip70
\f@nch@offset@erh=\skip71
\f@nch@offset@olh=\skip72
\f@nch@offset@orh=\skip73
\f@nch@offset@elf=\skip74
\f@nch@offset@erf=\skip75
\f@nch@offset@olf=\skip76
\f@nch@offset@orf=\skip77
\f@nch@height=\skip78
\f@nch@footalignment=\skip79
\f@nch@widthL=\skip80
\f@nch@widthC=\skip81
\f@nch@widthR=\skip82
\@temptokenb=\toks51
)
(/usr/local/texlive/2026/texmf-dist/tex/latex/titlesec/titlesec.sty
Package: titlesec 2025/01/04 v2.17 Sectioning titles
\ttl@box=\box92
\beforetitleunit=\skip83
\aftertitleunit=\skip84
\ttl@plus=\dimen334
\ttl@minus=\dimen335
\ttl@toksa=\toks52
\titlewidth=\dimen336
\titlewidthlast=\dimen337
\titlewidthfirst=\dimen338
)
(./natbib.sty
Package: natbib 2007/10/30 8.1 (PWD)
\bibhang=\skip85
\bibsep=\skip86
LaTeX Info: Redefining \cite on input line 602.
\c@NAT@ctr=\count362
)
(/usr/local/texlive/2026/texmf-dist/tex/latex/imakeidx/imakeidx.sty
Package: imakeidx 2016/10/15 v1.3e Package for typesetting indices in a synchro
nous mode

(/usr/local/texlive/2026/texmf-dist/tex/latex/xkeyval/xkeyval.sty
Package: xkeyval 2025/11/04 v2.10 package option processing (HA)

(/usr/local/texlive/2026/texmf-dist/tex/generic/xkeyval/xkeyval.tex
(/usr/local/texlive/2026/texmf-dist/tex/generic/xkeyval/xkvutils.tex
\XKV@toks=\toks53
\XKV@tempa@toks=\toks54
\XKV@tempb@toks=\toks55
)
\XKV@depth=\count363
File: xkeyval.tex 2014/12/03 v2.7a key=value parser (HA)
))
(/usr/local/texlive/2026/texmf-dist/tex/generic/iftex/ifxetex.sty
Package: ifxetex 2019/10/25 v0.7 ifxetex legacy package. Use iftex instead.
)
(/usr/local/texlive/2026/texmf-dist/tex/generic/iftex/ifluatex.sty
Package: ifluatex 2019/10/25 v1.5 ifluatex legacy package. Use iftex instead.
)
(/usr/local/texlive/2026/texmf-dist/tex/latex/tools/multicol.sty
Package: multicol 2025/10/21 v2.0b multicolumn formatting (FMi)
\c@tracingmulticols=\count364
\mult@box=\box93
\multicol@leftmargin=\dimen339
\c@unbalance=\count365
\c@collectmore=\count366
\doublecol@number=\count367
\multicoltolerance=\count368
\multicolpretolerance=\count369
\full@width=\dimen340
\page@free=\dimen341
\premulticols=\dimen342
\postmulticols=\dimen343
\multicolsep=\skip87
\multicolbaselineskip=\skip88
\partial@page=\box94
\last@line=\box95
\mc@boxedresult=\box96
\maxbalancingoverflow=\dimen344
\mult@rightbox=\box97
\mult@grightbox=\box98
\mult@firstbox=\box99
\mult@gfirstbox=\box100
\@tempa=\box101
\@tempa=\box102
\@tempa=\box103
\@tempa=\box104
\@tempa=\box105
\@tempa=\box106
\@tempa=\box107
\@tempa=\box108
\@tempa=\box109
\@tempa=\box110
\@tempa=\box111
\@tempa=\box112
\@tempa=\box113
\@tempa=\box114
\@tempa=\box115
\@tempa=\box116
\@tempa=\box117
\@tempa=\box118
\@tempa=\box119
\@tempa=\box120
\@tempa=\box121
\@tempa=\box122
\@tempa=\box123
\@tempa=\box124
\@tempa=\box125
\@tempa=\box126
\@tempa=\box127
\@tempa=\box128
\@tempa=\box129
\@tempa=\box130
\@tempa=\box131
\@tempa=\box132
\@tempa=\box133
\@tempa=\box134
\@tempa=\box135
\@tempa=\box136
\c@minrows=\count370
\c@columnbadness=\count371
\c@finalcolumnbadness=\count372
\last@try=\dimen345
\multicolovershoot=\dimen346
\multicolundershoot=\dimen347
\mult@nat@firstbox=\box137
\colbreak@box=\box138
\mc@col@check@num=\count373
\g__mc_curr_col_int=\count374
))
(/usr/local/texlive/2026/texmf-dist/tex/latex/hyperref/hyperref.sty
Package: hyperref 2026-01-29 v7.01p Hypertext links for LaTeX

(/usr/local/texlive/2026/texmf-dist/tex/latex/kvsetkeys/kvsetkeys.sty
Package: kvsetkeys 2022-10-05 v1.19 Key value parser (HO)
)
(/usr/local/texlive/2026/texmf-dist/tex/generic/kvdefinekeys/kvdefinekeys.sty
Package: kvdefinekeys 2019-12-19 v1.6 Define keys (HO)
)
(/usr/local/texlive/2026/texmf-dist/tex/latex/hycolor/hycolor.sty
Package: hycolor 2020-01-27 v1.10 Color options for hyperref/bookmark (HO)
)
(/usr/local/texlive/2026/texmf-dist/tex/latex/hyperref/nameref.sty
Package: nameref 2026-01-29 v2.58 Cross-referencing by name of section

(/usr/local/texlive/2026/texmf-dist/tex/latex/refcount/refcount.sty
Package: refcount 2019/12/15 v3.6 Data extraction from label references (HO)
)
(/usr/local/texlive/2026/texmf-dist/tex/generic/gettitlestring/gettitlestring.s
ty
Package: gettitlestring 2019/12/15 v1.6 Cleanup title references (HO)
 (/usr/local/texlive/2026/texmf-dist/tex/latex/kvoptions/kvoptions.sty
Package: kvoptions 2022-06-15 v3.15 Key value format for package options (HO)
))
\c@section@level=\count375
)
\@linkdim=\dimen348
\Hy@linkcounter=\count376
\Hy@pagecounter=\count377

(/usr/local/texlive/2026/texmf-dist/tex/latex/hyperref/pd1enc.def
File: pd1enc.def 2026-01-29 v7.01p Hyperref: PDFDocEncoding definition (HO)
Now handling font encoding PD1 ...
... no UTF-8 mapping file for font encoding PD1
)
(/usr/local/texlive/2026/texmf-dist/tex/generic/intcalc/intcalc.sty
Package: intcalc 2019/12/15 v1.3 Expandable calculations with integers (HO)
)
\Hy@SavedSpaceFactor=\count378

(/usr/local/texlive/2026/texmf-dist/tex/latex/hyperref/puenc.def
File: puenc.def 2026-01-29 v7.01p Hyperref: PDF Unicode definition (HO)
Now handling font encoding PU ...
... no UTF-8 mapping file for font encoding PU
)
Package hyperref Info: Hyper figures OFF on input line 4201.
Package hyperref Info: Link nesting OFF on input line 4206.
Package hyperref Info: Hyper index ON on input line 4209.
Package hyperref Info: Plain pages OFF on input line 4216.
Package hyperref Info: Backreferencing OFF on input line 4221.
Package hyperref Info: Implicit mode ON; LaTeX internals redefined.
Package hyperref Info: Bookmarks ON on input line 4468.
\c@Hy@tempcnt=\count379

(/usr/local/texlive/2026/texmf-dist/tex/latex/url/url.sty
\Urlmuskip=\muskip18
Package: url 2013/09/16  ver 3.4  Verb mode for urls, etc.
)
LaTeX Info: Redefining \url on input line 4807.
\XeTeXLinkMargin=\dimen349

(/usr/local/texlive/2026/texmf-dist/tex/generic/bitset/bitset.sty
Package: bitset 2019/12/09 v1.3 Handle bit-vector datatype (HO)

(/usr/local/texlive/2026/texmf-dist/tex/generic/bigintcalc/bigintcalc.sty
Package: bigintcalc 2019/12/15 v1.5 Expandable calculations on big integers (HO
)
))
\Fld@menulength=\count380
\Field@Width=\dimen350
\Fld@charsize=\dimen351
Package hyperref Info: Hyper figures OFF on input line 6084.
Package hyperref Info: Link nesting OFF on input line 6089.
Package hyperref Info: Hyper index ON on input line 6092.
Package hyperref Info: backreferencing OFF on input line 6099.
Package hyperref Info: Link coloring OFF on input line 6104.
Package hyperref Info: Link coloring with OCG OFF on input line 6109.
Package hyperref Info: PDF/A mode OFF on input line 6114.
\Hy@abspage=\count381
\c@Item=\count382
\c@Hfootnote=\count383
)
Package hyperref Info: Driver (autodetected): hpdftex.

(/usr/local/texlive/2026/texmf-dist/tex/latex/hyperref/hpdftex.def
File: hpdftex.def 2026-01-29 v7.01p Hyperref driver for pdfTeX
\Fld@listcount=\count384
\c@bookmark@seq@number=\count385

(/usr/local/texlive/2026/texmf-dist/tex/latex/rerunfilecheck/rerunfilecheck.sty
Package: rerunfilecheck 2025-06-21 v1.11 Rerun checks for auxiliary files (HO)

(/usr/local/texlive/2026/texmf-dist/tex/generic/uniquecounter/uniquecounter.sty
Package: uniquecounter 2019/12/15 v1.4 Provide unlimited unique counter (HO)
)
Package uniquecounter Info: New unique counter `rerunfilecheck' on input line 2
84.
)
\Hy@SectionHShift=\skip89
)
Package hyperref Info: Option `colorlinks' set `true' on input line 55.
\main@idxfile=\write5
\openout5 = `main.idx'.


Writing index file main.idx
\c@theorem=\count386
LaTeX Font Info:    Trying to load font information for T1+lmr on input line 14
1.
(/usr/local/texlive/2026/texmf-dist/tex/latex/lm/t1lmr.fd
File: t1lmr.fd 2015/05/01 v1.6.1 Font defs for Latin Modern
)
(/usr/local/texlive/2026/texmf-dist/tex/latex/l3backend/l3backend-pdftex.def
File: l3backend-pdftex.def 2025-10-09 L3 backend support: PDF output (pdfTeX)
\l__color_backend_stack_int=\count387
)
(./main.aux)
\openout1 = `main.aux'.

LaTeX Font Info:    Checking defaults for OML/cmm/m/it on input line 141.
LaTeX Font Info:    ... okay on input line 141.
LaTeX Font Info:    Checking defaults for OMS/cmsy/m/n on input line 141.
LaTeX Font Info:    ... okay on input line 141.
LaTeX Font Info:    Checking defaults for OT1/cmr/m/n on input line 141.
LaTeX Font Info:    ... okay on input line 141.
LaTeX Font Info:    Checking defaults for T1/cmr/m/n on input line 141.
LaTeX Font Info:    ... okay on input line 141.
LaTeX Font Info:    Checking defaults for TS1/cmr/m/n on input line 141.
LaTeX Font Info:    ... okay on input line 141.
LaTeX Font Info:    Checking defaults for OMX/cmex/m/n on input line 141.
LaTeX Font Info:    ... okay on input line 141.
LaTeX Font Info:    Checking defaults for U/cmr/m/n on input line 141.
LaTeX Font Info:    ... okay on input line 141.
LaTeX Font Info:    Checking defaults for PD1/pdf/m/n on input line 141.
LaTeX Font Info:    ... okay on input line 141.
LaTeX Font Info:    Checking defaults for PU/pdf/m/n on input line 141.
LaTeX Font Info:    ... okay on input line 141.

*geometry* driver: auto-detecting
*geometry* detected driver: pdftex
*geometry* verbose mode - [ preamble ] result:
* driver: pdftex
* paper: custom
* layout: <same size as paper>
* layoutoffset:(h,v)=(0.0pt,0.0pt)
* modes: twoside 
* h-part:(L,W,R)=(59.26192pt, 361.35pt, 49.14307pt)
* v-part:(T,H,B)=(57.81621pt, 566.59654pt, 62.15224pt)
* \paperwidth=469.75499pt
* \paperheight=686.56499pt
* \textwidth=361.35pt
* \textheight=566.59654pt
* \oddsidemargin=-13.00807pt
* \evensidemargin=-23.12692pt
* \topmargin=-56.45378pt
* \headheight=24.0pt
* \headsep=18.0pt
* \topskip=11.0pt
* \footskip=24.0pt
* \marginparwidth=116.0pt
* \marginparsep=7.0pt
* \columnsep=10.0pt
* \skip\footins=10.0pt plus 4.0pt minus 2.0pt
* \hoffset=0.0pt
* \voffset=0.0pt
* \mag=1000
* \@twocolumnfalse
* \@twosidetrue
* \@mparswitchtrue
* \@reversemarginfalse
* (1in=72.27pt=25.4mm, 1cm=28.453pt)

LaTeX Info: Redefining \microtypecontext on input line 141.
Package microtype Info: Applying patch `item' on input line 141.
Package microtype Info: Applying patch `toc' on input line 141.
Package microtype Info: Applying patch `eqnum' on input line 141.
Package microtype Info: Applying patch `footnote' on input line 141.
Package microtype Info: Applying patch `verbatim' on input line 141.
LaTeX Info: Redefining \microtypesetup on input line 141.
Package microtype Info: Generating PDF output.
Package microtype Info: Character protrusion enabled (level 2).
Package microtype Info: Using default protrusion set `alltext'.
Package microtype Info: Automatic font expansion enabled (level 2),
(microtype)             stretch: 20, shrink: 20, step: 1, non-selected.
Package microtype Info: Using default expansion set `alltext-nott'.
Package microtype Info: Patching command `\showhyphens'.
Package microtype Info: No adjustment of tracking.
Package microtype Info: No adjustment of interword spacing.
Package microtype Info: No adjustment of character kerning.
(/usr/local/texlive/2026/texmf-dist/tex/latex/microtype/mt-cmr.cfg
File: mt-cmr.cfg 2013/05/19 v2.2 microtype config. file: Computer Modern Roman 
(RS)
)
(/usr/local/texlive/2026/texmf-dist/tex/context/base/mkii/supp-pdf.mkii
[Loading MPS to PDF converter (version 2006.09.02).]
\scratchcounter=\count388
\scratchdimen=\dimen352
\scratchbox=\box139
\nofMPsegments=\count389
\nofMParguments=\count390
\everyMPshowfont=\toks56
\MPscratchCnt=\count391
\MPscratchDim=\dimen353
\MPnumerator=\count392
\makeMPintoPDFobject=\count393
\everyMPtoPDFconversion=\toks57
) (/usr/local/texlive/2026/texmf-dist/tex/latex/epstopdf-pkg/epstopdf-base.sty
Package: epstopdf-base 2020-01-24 v2.11 Base part for package epstopdf
Package epstopdf-base Info: Redefining graphics rule for `.eps' on input line 4
85.

(/usr/local/texlive/2026/texmf-dist/tex/latex/latexconfig/epstopdf-sys.cfg
File: epstopdf-sys.cfg 2010/07/13 v1.3 Configuration of (r)epstopdf for TeX Liv
e
))
Package caption Info: Begin \AtBeginDocument code.
Package caption Info: hyperref package is loaded.
Package caption Info: listings package is loaded.
Package caption Info: End \AtBeginDocument code.
\c@lstlisting=\count394

(/usr/local/texlive/2026/texmf-dist/tex/latex/base/inputenc.sty
Package: inputenc 2024/02/08 v1.3d Input encoding file
\inpenc@prehook=\toks58
\inpenc@posthook=\toks59
)
Package hyperref Info: Link coloring ON on input line 141.
 (./main.out)
(./main.out)
\@outlinefile=\write6
\openout6 = `main.out'.

LaTeX Font Info:    Trying to load font information for OT1+lmr on input line 1
45.
 (/usr/local/texlive/2026/texmf-dist/tex/latex/lm/ot1lmr.fd
File: ot1lmr.fd 2015/05/01 v1.6.1 Font defs for Latin Modern
)
LaTeX Font Info:    Trying to load font information for OML+lmm on input line 1
45.

(/usr/local/texlive/2026/texmf-dist/tex/latex/lm/omllmm.fd
File: omllmm.fd 2015/05/01 v1.6.1 Font defs for Latin Modern
)
LaTeX Font Info:    Trying to load font information for OMS+lmsy on input line 
145.

(/usr/local/texlive/2026/texmf-dist/tex/latex/lm/omslmsy.fd
File: omslmsy.fd 2015/05/01 v1.6.1 Font defs for Latin Modern
)
LaTeX Font Info:    Trying to load font information for OMX+lmex on input line 
145.

(/usr/local/texlive/2026/texmf-dist/tex/latex/lm/omxlmex.fd
File: omxlmex.fd 2015/05/01 v1.6.1 Font defs for Latin Modern
)
LaTeX Font Info:    External font `lmex10' loaded for size
(Font)              <12> on input line 145.
LaTeX Font Info:    External font `lmex10' loaded for size
(Font)              <8> on input line 145.
LaTeX Font Info:    External font `lmex10' loaded for size
(Font)              <6> on input line 145.
LaTeX Font Info:    Trying to load font information for U+msa on input line 145
.

(/usr/local/texlive/2026/texmf-dist/tex/latex/amsfonts/umsa.fd
File: umsa.fd 2013/01/14 v3.01 AMS symbols A
)
(/usr/local/texlive/2026/texmf-dist/tex/latex/microtype/mt-msa.cfg
File: mt-msa.cfg 2006/02/04 v1.1 microtype config. file: AMS symbols (a) (RS)
)
LaTeX Font Info:    Trying to load font information for U+msb on input line 145
.

(/usr/local/texlive/2026/texmf-dist/tex/latex/amsfonts/umsb.fd
File: umsb.fd 2013/01/14 v3.01 AMS symbols B
)
(/usr/local/texlive/2026/texmf-dist/tex/latex/microtype/mt-msb.cfg
File: mt-msb.cfg 2005/06/01 v1.0 microtype config. file: AMS symbols (b) (RS)
) [1



{/usr/local/texlive/2026/texmf-var/fonts/map/pdftex/updmap/pdftex.map}{/usr/loc
al/texlive/2026/texmf-dist/fonts/enc/dvips/lm/lm-ec.enc}]
(./chapters/frontmatter/author_information.tex
LaTeX Font Info:    Trying to load font information for T1+lmtt on input line 1
5.

(/usr/local/texlive/2026/texmf-dist/tex/latex/lm/t1lmtt.fd
File: t1lmtt.fd 2015/05/01 v1.6.1 Font defs for Latin Modern
)
Package microtype Info: Loading generic protrusion settings for font family
(microtype)             `lmtt' (encoding: T1).
(microtype)             For optimal results, create family-specific settings.
(microtype)             See the microtype manual for details.
LaTeX Font Info:    External font `lmex10' loaded for size
(Font)              <10> on input line 15.
LaTeX Font Info:    External font `lmex10' loaded for size
(Font)              <7> on input line 15.
LaTeX Font Info:    External font `lmex10' loaded for size
(Font)              <5> on input line 15.
 [2

])
(./chapters/frontmatter/review_by_openai.tex [3

{/usr/local/texlive/2026/texmf-dist/fonts/enc/dvips/lm/lm-mathsy.enc}{/usr/loca
l/texlive/2026/texmf-dist/fonts/enc/dvips/lm/lm-rm.enc}{/usr/local/texlive/2026
/texmf-dist/fonts/enc/dvips/lm/lm-mathit.enc}] [4]) (./chapters/frontmatter/abs
tract.tex [5]
LaTeX Font Info:    External font `lmex10' loaded for size
(Font)              <10.95> on input line 23.
 [6

])
(./chapters/frontmatter/preface.tex [7]
Underfull \vbox (badness 6961) has occurred while \output is active []

 [8

]
[9]) [10] (./main.toc [11

] [12] [13] [14] [15] [16] [17]
Underfull \hbox (badness 6063) in paragraph at lines 250--250
 [][] [][][]\T1/lmr/m/n/10.95 (+20) Station F: con-struct a resonance-only doub
le- 
 []


Underfull \hbox (badness 4582) in paragraph at lines 257--257
 [][] [][][]\T1/lmr/m/n/10.95 (+20) Calculation lab-o-ra-tory VI-B: Lithium pro
-jec-tiles and 
 []

[18] [19] [20] [21])
\tf@toc=\write7
\openout7 = `main.toc'.

 [22] (./chapters/frontmatter/prologue_scattering.tex
[1



] [2]
LaTeX Font Info:    Trying to load font information for OT1+lmss on input line 
137.
 (/usr/local/texlive/2026/texmf-dist/tex/latex/lm/ot1lmss.fd
File: ot1lmss.fd 2015/05/01 v1.6.1 Font defs for Latin Modern
)
Package microtype Info: Loading generic protrusion settings for font family
(microtype)             `lmss' (encoding: OT1).
(microtype)             For optimal results, create family-specific settings.
(microtype)             See the microtype manual for details.
 [3])
(./chapters/core/sec_introduction.tex [4] [5]
Chapter 1.
[6

]
Underfull \vbox (badness 10000) has occurred while \output is active []

 [7{/usr/local/texlive/2026/texmf-dist/fonts/enc/dvips/lm/lm-mathex.enc}] [8] [
9])
(./chapters/frontmatter/computational_spine.tex
Underfull \vbox (badness 2165) has occurred while \output is active []

 [10]
Underfull \vbox (badness 10000) has occurred while \output is active []

 [11]
[12]
Underfull \hbox (badness 7344) in paragraph at lines 211--213
[]|\T1/lmr/m/n/10.95 (+20) include Frobe-nius in-dices, the
 []


Underfull \hbox (badness 1033) in paragraph at lines 214--214
[]|\T1/lmr/m/n/10.95 (+20) few-body chan-nels and
 []


Underfull \hbox (badness 10000) in paragraph at lines 217--219
[]|\T1/lmr/m/n/10.95 (+20) calculate Jor-dan data, self-
 []


Underfull \hbox (badness 10000) in paragraph at lines 217--219
\T1/lmr/m/n/10.95 (+20) orthogonality, sheet ex-change,
 []


Underfull \hbox (badness 1286) in paragraph at lines 217--219
\T1/lmr/m/n/10.95 (+20) and regulator-independent holon-
 []

[13]) [14] [15] [16

]
Chapter 2.
(./chapters/core/app_conventions.tex [17

]) (./chapters/core/app_notation.tex
LaTeX Font Info:    Trying to load font information for U+euf on input line 30.


(/usr/local/texlive/2026/texmf-dist/tex/latex/amsfonts/ueuf.fd
File: ueuf.fd 2013/01/14 v3.01 Euler Fraktur
)
(/usr/local/texlive/2026/texmf-dist/tex/latex/microtype/mt-euf.cfg
File: mt-euf.cfg 2006/07/03 v1.1 microtype config. file: AMS Euler Fraktur (RS)

) [18])
(./chapters/core/sec_quantum_foundations.tex [19

] [20] [21] [22] [23] [24]
[25]) [26]
Chapter 3.
(./chapters/core/sec_functional_operator_algebra.tex [27

]
Underfull \vbox (badness 10000) has occurred while \output is active []

 [28]
Underfull \vbox (badness 2529) has occurred while \output is active []

 [29]
[30] [31] [32] [33] [34]
Underfull \vbox (badness 10000) has occurred while \output is active []

 [35]
Underfull \vbox (badness 10000) has occurred while \output is active []

 [36])
(./chapters/core/sec_hilbert_schmidt_fredholm.tex [37]
Underfull \vbox (badness 10000) has occurred while \output is active []

 [38]
Underfull \vbox (badness 10000) has occurred while \output is active []

 [39]
Underfull \vbox (badness 10000) has occurred while \output is active []

 [40]
Underfull \vbox (badness 10000) has occurred while \output is active []

 [41]
[42] [43]
Underfull \vbox (badness 6412) has occurred while \output is active []

 [44]
[45]) (./chapters/problems/problems_stage_I.tex [46] [47]) [48]
Chapter 4.
(./chapters/core/sec_textbook_scattering.tex [49

] [50]
Underfull \vbox (badness 10000) has occurred while \output is active []

 [51]
Underfull \vbox (badness 10000) has occurred while \output is active []

 [52]
[53]
Underfull \vbox (badness 10000) has occurred while \output is active []

 [54]
Underfull \vbox (badness 10000) has occurred while \output is active []

 [55])
(./chapters/core/sec_scattering_direct_integral.tex [56] [57] [58])
(./chapters/core/sec_sturm_liouville_jost.tex [59] [60]
LaTeX Font Info:    Trying to load font information for TS1+lmr on input line 1
65.

(/usr/local/texlive/2026/texmf-dist/tex/latex/lm/ts1lmr.fd
File: ts1lmr.fd 2015/05/01 v1.6.1 Font defs for Latin Modern
) [61{/usr/local/texlive/2026/texmf-dist/fonts/enc/dvips/lm/lm-ts1.enc}] [62] [
63] [64] [65]
[66] [67]) (./chapters/core/sec_resonance_definition.tex [68] [69]
Underfull \vbox (badness 10000) has occurred while \output is active []

 [70]
Underfull \vbox (badness 2165) has occurred while \output is active []

 [71]
Underfull \vbox (badness 10000) has occurred while \output is active []

 [72])
(./chapters/core/sec_long_range_ir.tex
Underfull \vbox (badness 10000) has occurred while \output is active []

 [73]
[74] [75]
Underfull \vbox (badness 10000) has occurred while \output is active []

 [76]
Underfull \vbox (badness 2426) has occurred while \output is active []

 [77]
Underfull \vbox (badness 1527) has occurred while \output is active []

 [78]
[79] [80] [81] [82]) (./chapters/core/sec_gauge_aqft.tex [83] [84] [85]
[86]
Underfull \vbox (badness 10000) has occurred while \output is active []

 [87]
[88] [89]) (./chapters/problems/problems_stage_II.tex [90]) [91] [92

]
Chapter 5.
(./chapters/core/sec_exact_wkb.tex
Underfull \vbox (badness 1852) has occurred while \output is active []

 [93

]
[94]
Underfull \vbox (badness 4120) has occurred while \output is active []

 [95]
[96]) (./chapters/core/app_connection_matrices.tex)
(./chapters/core/sec_wkb_resonance.tex [97]
Underfull \vbox (badness 4543) has occurred while \output is active []

 [98]
Underfull \vbox (badness 10000) has occurred while \output is active []

 [99]
[100]) (./chapters/laboratories/lab_I_stokes_resonance.tex
(./source_compendium/dossier_2503_18741.tex [101]
Underfull \vbox (badness 1237) has occurred while \output is active []

 [102]
Underfull \vbox (badness 10000) has occurred while \output is active []

 [103]
<source_compendium/figures/2503_18741/fig/harmonic_re.pdf, id=2991, 361.35pt x 
298.11375pt>
File: source_compendium/figures/2503_18741/fig/harmonic_re.pdf Graphic file (ty
pe pdf)
<use source_compendium/figures/2503_18741/fig/harmonic_re.pdf>
Package pdftex.def Info: source_compendium/figures/2503_18741/fig/harmonic_re.p
df  used on input line 297.
(pdftex.def)             Requested size: 173.44646pt x 143.09297pt.
<source_compendium/figures/2503_18741/fig/harmonic_im.pdf, id=2992, 361.35pt x 
298.11375pt>
File: source_compendium/figures/2503_18741/fig/harmonic_im.pdf Graphic file (ty
pe pdf)
<use source_compendium/figures/2503_18741/fig/harmonic_im.pdf>
Package pdftex.def Info: source_compendium/figures/2503_18741/fig/harmonic_im.p
df  used on input line 301.
(pdftex.def)             Requested size: 173.44646pt x 143.09297pt.
<source_compendium/figures/2503_18741/fig/cosh_re.pdf, id=2993, 361.35pt x 294.
09875pt>
File: source_compendium/figures/2503_18741/fig/cosh_re.pdf Graphic file (type p
df)
<use source_compendium/figures/2503_18741/fig/cosh_re.pdf>
Package pdftex.def Info: source_compendium/figures/2503_18741/fig/cosh_re.pdf  
used on input line 311.
(pdftex.def)             Requested size: 173.44646pt x 141.16579pt.
<source_compendium/figures/2503_18741/fig/cosh_im.pdf, id=2994, 361.35pt x 294.
09875pt>
File: source_compendium/figures/2503_18741/fig/cosh_im.pdf Graphic file (type p
df)
<use source_compendium/figures/2503_18741/fig/cosh_im.pdf>
Package pdftex.def Info: source_compendium/figures/2503_18741/fig/cosh_im.pdf  
used on input line 315.
(pdftex.def)             Requested size: 173.44646pt x 141.16579pt.

Underfull \vbox (badness 10000) has occurred while \output is active []

 [104]
[105 <./source_compendium/figures/2503_18741/fig/harmonic_re.pdf> <./source_com
pendium/figures/2503_18741/fig/harmonic_im.pdf

pdfTeX warning: pdflatex (file ./source_compendium/figures/2503_18741/fig/harmo
nic_im.pdf): PDF inclusion: multiple pdfs with page group included in a single 
page
> <./source_compendium/figures/2503_18741/fig/cosh_re.pdf

pdfTeX warning: pdflatex (file ./source_compendium/figures/2503_18741/fig/cosh_
re.pdf): PDF inclusion: multiple pdfs with page group included in a single page

> <./source_compendium/figures/2503_18741/fig/cosh_im.pdf

pdfTeX warning: pdflatex (file ./source_compendium/figures/2503_18741/fig/cosh_
im.pdf): PDF inclusion: multiple pdfs with page group included in a single page

>]
Underfull \vbox (badness 2150) has occurred while \output is active []

 [106]
Underfull \vbox (badness 10000) has occurred while \output is active []

 [107]
Underfull \hbox (badness 10000) in paragraph at lines 467--469

 []


Underfull \vbox (badness 3907) has occurred while \output is active []

 [108]
[109] [110]
Underfull \vbox (badness 10000) has occurred while \output is active []

 [111]
LaTeX Font Info:    External font `lmex10' loaded for size
(Font)              <9> on input line 688.

Underfull \vbox (badness 10000) has occurred while \output is active []

 [112]
Underfull \vbox (badness 1147) has occurred while \output is active []

 [113]))
(./chapters/problems/problems_stage_III.tex [114]) [115]
Chapter 6.
(./chapters/core/sec_scattering.tex [116

] [117])
(./chapters/core/sec_complex_scaling.tex [118] [119] [120] [121] [122])
(./chapters/core/app_abc_sketch.tex [123] [124]
Underfull \vbox (badness 1527) has occurred while \output is active []

 [125]
[126] [127]) (./chapters/core/sec_rigged_hilbert.tex [128]
Underfull \vbox (badness 4981) has occurred while \output is active []

 [129]
[130] [131] [132] [133] [134])
(./chapters/laboratories/lab_II_pole_realizations.tex
(./source_compendium/dossier_2505_02301.tex [135]
Underfull \vbox (badness 7451) has occurred while \output is active []

 [136]
[137]
Underfull \vbox (badness 10000) has occurred while \output is active []

 [138]
Underfull \vbox (badness 3333) has occurred while \output is active []

 [139]
[140] [141]
Underfull \vbox (badness 10000) has occurred while \output is active []

 [142]
[143] [144] [145]) [146]) (./chapters/core/sec_continuum_response.tex [147

]
Underfull \vbox (badness 10000) has occurred while \output is active []

 [148])
(./chapters/core/sec_resonance_formulae.tex
Underfull \vbox (badness 10000) has occurred while \output is active []

 [149]
Underfull \vbox (badness 2828) has occurred while \output is active []

 [150]
Underfull \vbox (badness 3209) has occurred while \output is active []

 [151]
[152]
Underfull \vbox (badness 10000) has occurred while \output is active []

 [153]
[154]
Underfull \vbox (badness 1609) has occurred while \output is active []

 [155]
[156]) (./chapters/core/app_cld_derivation.tex)
(./chapters/laboratories/lab_III_continuum.tex
(./source_compendium/dossier_2508_09211.tex
Underfull \hbox (badness 2426) in paragraph at lines 8--8
[]\T1/lmr/bx/n/10.95 (+20) Completion cri-te-rion. \T1/lmr/m/n/10.95 (+20) Com-
pute trans-mis-sion and con-tin-
 []

[157] [158] [159] [160]
<source_compendium/figures/2508_09211/trans-coeff.pdf, id=3694, 361.35pt x 225.
84375pt>
File: source_compendium/figures/2508_09211/trans-coeff.pdf Graphic file (type p
df)
<use source_compendium/figures/2508_09211/trans-coeff.pdf>
Package pdftex.def Info: source_compendium/figures/2508_09211/trans-coeff.pdf  
used on input line 323.
(pdftex.def)             Requested size: 289.0811pt x 180.67523pt.
 [161] [162 <./source_compendium/figures/2508_09211/trans-coeff.pdf>] [163] [16
4] [165] [166] [167]
Underfull \vbox (badness 10000) has occurred while \output is active []

 [168]
Underfull \vbox (badness 10000) has occurred while \output is active []

 [169]
[170])) (./chapters/problems/problems_stage_IV.tex [171]) [172] [173

]
Chapter 7.
(./chapters/core/sec_radial_wkb.tex
Underfull \vbox (badness 3058) has occurred while \output is active []

 [174

]
[175] [176] [177]) (./chapters/core/app_langer_map.tex)
(./chapters/laboratories/lab_IV_radial_monodromy.tex
(./source_compendium/dossier_2510_11766.tex
Underfull \vbox (badness 10000) has occurred while \output is active []

 [178]
[179] [180]
Underfull \vbox (badness 1052) has occurred while \output is active []

 [181]
Underfull \vbox (badness 10000) has occurred while \output is active []

 [182]
Underfull \vbox (badness 10000) has occurred while \output is active []

 [183]
[184]
Underfull \vbox (badness 10000) has occurred while \output is active []

 [185]
Underfull \vbox (badness 3657) has occurred while \output is active []

 [186]
Underfull \vbox (badness 2158) has occurred while \output is active []

 [187]
Underfull \vbox (badness 10000) has occurred while \output is active []

 [188]
[189]
Overfull \vbox (1.9141pt too high) has occurred while \output is active []


[190]
Underfull \vbox (badness 10000) has occurred while \output is active []

 [191]
Underfull \vbox (badness 10000) has occurred while \output is active []

 [192]
LaTeX Font Info:    External font `lmex10' loaded for size
(Font)              <14.4> on input line 738.

Underfull \vbox (badness 10000) has occurred while \output is active []

 [193]
<source_compendium/figures/2510_11766/ho4_energy_pert.pdf, id=4080, 361.35pt x 
236.885pt>
File: source_compendium/figures/2510_11766/ho4_energy_pert.pdf Graphic file (ty
pe pdf)
<use source_compendium/figures/2510_11766/ho4_energy_pert.pdf>
Package pdftex.def Info: source_compendium/figures/2510_11766/ho4_energy_pert.p
df  used on input line 785.
(pdftex.def)             Requested size: 252.9439pt x 165.81836pt.

Underfull \vbox (badness 10000) has occurred while \output is active []

 [194]
<source_compendium/figures/2510_11766/ho4_energy.pdf, id=4096, 361.35pt x 232.8
7pt>
File: source_compendium/figures/2510_11766/ho4_energy.pdf Graphic file (type pd
f)
<use source_compendium/figures/2510_11766/ho4_energy.pdf>
Package pdftex.def Info: source_compendium/figures/2510_11766/ho4_energy.pdf  u
sed on input line 827.
(pdftex.def)             Requested size: 252.9439pt x 163.00787pt.

[195 <./source_compendium/figures/2510_11766/ho4_energy_pert.pdf>] [196 <./sour
ce_compendium/figures/2510_11766/ho4_energy.pdf>]
<source_compendium/figures/2510_11766/cornell_energy.pdf, id=4135, 361.35pt x 2
22.8325pt>
File: source_compendium/figures/2510_11766/cornell_energy.pdf Graphic file (typ
e pdf)
<use source_compendium/figures/2510_11766/cornell_energy.pdf>
Package pdftex.def Info: source_compendium/figures/2510_11766/cornell_energy.pd
f  used on input line 892.
(pdftex.def)             Requested size: 162.6064pt x 100.2737pt.
<source_compendium/figures/2510_11766/yukawa_energy.pdf, id=4136, 361.35pt x 22
6.8475pt>
File: source_compendium/figures/2510_11766/yukawa_energy.pdf Graphic file (type
 pdf)
<use source_compendium/figures/2510_11766/yukawa_energy.pdf>
Package pdftex.def Info: source_compendium/figures/2510_11766/yukawa_energy.pdf
  used on input line 894.
(pdftex.def)             Requested size: 162.6064pt x 102.08043pt.

Underfull \vbox (badness 3108) has occurred while \output is active []

 [197]
[198 <./source_compendium/figures/2510_11766/cornell_energy.pdf> <./source_comp
endium/figures/2510_11766/yukawa_energy.pdf

pdfTeX warning: pdflatex (file ./source_compendium/figures/2510_11766/yukawa_en
ergy.pdf): PDF inclusion: multiple pdfs with page group included in a single pa
ge
>]
Underfull \vbox (badness 10000) has occurred while \output is active []

 [199]))
(./chapters/problems/problems_stage_V.tex [200]) [201]
Chapter 8.
(./chapters/core/sec_nuclear_reaction_foundations.tex [202

]
Underfull \vbox (badness 4001) has occurred while \output is active []

 [203]
[204] [205] [206] [207]
Underfull \vbox (badness 3536) has occurred while \output is active []

 [208]
Underfull \hbox (badness 10000) in paragraph at lines 477--478
[]|\T1/lmr/m/n/10.95 (+20) invariance or
 []


Underfull \hbox (badness 10000) in paragraph at lines 481--482
[]|\T1/lmr/m/n/10.95 (+20) invariance or
 []


Underfull \hbox (badness 7326) in paragraph at lines 487--487
[]|\T1/lmr/m/n/10.95 (+20) repeated tran-si-
 []


Underfull \hbox (badness 1194) in paragraph at lines 488--489
[]|\T1/lmr/m/n/10.95 (+20) post--prior and
 []


Underfull \hbox (badness 10000) in paragraph at lines 490--492
[]|\T1/lmr/m/n/10.95 (+20) channel-radius
 []


Underfull \hbox (badness 3179) in paragraph at lines 490--492
\T1/lmr/m/n/10.95 (+20) and boundary-
 []


Underfull \hbox (badness 10000) in paragraph at lines 490--492
\T1/lmr/m/n/10.95 (+20) parameter
 []


Underfull \hbox (badness 10000) in paragraph at lines 493--493
[]|\T1/lmr/m/n/10.95 (+20) Faddeev/
 []


Underfull \hbox (badness 10000) in paragraph at lines 493--493
[]|\T1/lmr/m/n/10.95 (+20) disconnected
 []


Underfull \hbox (badness 10000) in paragraph at lines 493--495
[]|\T1/lmr/m/n/10.95 (+20) permutation,
 []


Underfull \hbox (badness 6542) in paragraph at lines 493--495
\T1/lmr/m/n/10.95 (+20) uni-tar-ity, and
 []


Underfull \hbox (badness 10000) in paragraph at lines 493--495
\T1/lmr/m/n/10.95 (+20) re-ar-range-ment
 []


Underfull \hbox (badness 2922) in paragraph at lines 496--496
[]|\T1/lmr/m/n/10.95 (+20) slow in-ter-nal or
 []


Underfull \hbox (badness 10000) in paragraph at lines 496--497
[]|\T1/lmr/m/n/10.95 (+20) selected time
 []


Underfull \hbox (badness 10000) in paragraph at lines 496--497
\T1/lmr/m/n/10.95 (+20) or lon-gi-tu-di-nal
 []


Underfull \hbox (badness 5036) in paragraph at lines 499--499
[]|\T1/lmr/m/n/10.95 (+20) finite con-tin-uum
 []


Underfull \hbox (badness 10000) in paragraph at lines 499--501
[]|\T1/lmr/m/n/10.95 (+20) model-space
 []


Underfull \hbox (badness 1052) in paragraph at lines 502--502
[]|\T1/lmr/m/n/10.95 (+20) undeformed out-
 []


Underfull \hbox (badness 10000) in paragraph at lines 503--504
[]|\T1/lmr/m/n/10.95 (+20) angle and
 []


Underfull \hbox (badness 10000) in paragraph at lines 503--504
\T1/lmr/m/n/10.95 (+20) con-tour in-de-
 []


Underfull \hbox (badness 10000) in paragraph at lines 505--505
[]|\T1/lmr/m/n/10.95 (+20) divergent lo-cal
 []


Underfull \hbox (badness 7012) in paragraph at lines 505--507
[]|\T1/lmr/m/n/10.95 (+20) Stokes, Wron-
 []


Underfull \hbox (badness 2126) in paragraph at lines 505--507
\T1/lmr/m/n/10.95 (+20) mo-topy con-sis-
 []

[209] [210]) (./chapters/core/sec_few_body_cdcc.tex [211]
Underfull \vbox (badness 2165) has occurred while \output is active []

 [212]
[213] [214] [215] [216] [217]
Underfull \vbox (badness 10000) has occurred while \output is active []

 [218]
[219] [220] [221]) (./chapters/laboratories/lab_VI_helium6.tex [222] [223]
Underfull \vbox (badness 10000) has occurred while \output is active []

 [224]
Underfull \vbox (badness 10000) has occurred while \output is active []

 [225]
[226] [227] [228]
Underfull \vbox (badness 4328) has occurred while \output is active []

 [229]
[230] [231]
Underfull \hbox (badness 10000) in paragraph at lines 653--653
[]|\T1/lmr/m/n/10.95 (+20) invariant mon-i-
 []


Underfull \hbox (badness 10000) in paragraph at lines 653--654
[]|\T1/lmr/m/n/10.95 (+20) acceptance
 []


Underfull \hbox (badness 10000) in paragraph at lines 657--657
[]|\T1/lmr/m/n/10.95 (+20) invariant mon-i-
 []


Underfull \hbox (badness 10000) in paragraph at lines 657--658
[]|\T1/lmr/m/n/10.95 (+20) acceptance
 []


Underfull \hbox (badness 1226) in paragraph at lines 661--662
[]|\T1/lmr/m/n/10.95 (+20) common sta-
 []


Underfull \hbox (badness 1354) in paragraph at lines 664--664
[]|$\OML/lmm/m/it/10.95 M[][]$ \T1/lmr/m/n/10.95 (+20) or tested
 []


Underfull \hbox (badness 10000) in paragraph at lines 664--665
[]|\T1/lmr/m/n/10.95 (+20) stable com-
 []


Underfull \hbox (badness 10000) in paragraph at lines 666--666
[]|\T1/lmr/m/n/10.95 (+20) CDCC am-pli-
 []


Underfull \hbox (badness 2547) in paragraph at lines 666--666
[]|$\OML/lmm/m/it/10.95 E[]$\T1/lmr/m/n/10.95 (+20) , $\OML/lmm/m/it/10.95 I$\T
1/lmr/m/n/10.95 (+20) , $\OML/lmm/m/it/10.95 L$\T1/lmr/m/n/10.95 (+20) , $\OML/
lmm/m/it/10.95 J$\T1/lmr/m/n/10.95 (+20) ,
 []


Underfull \hbox (badness 1253) in paragraph at lines 667--668
[]|\T1/lmr/m/n/10.95 (+20) tolerance de-
 []


Underfull \hbox (badness 10000) in paragraph at lines 669--669
[]|\T1/lmr/m/n/10.95 (+20) smoothing ba-sis
 []


Underfull \hbox (badness 10000) in paragraph at lines 670--670
[]|\T1/lmr/m/n/10.95 (+20) continuous re-
 []


Underfull \hbox (badness 10000) in paragraph at lines 670--670
\T1/lmr/m/n/10.95 (+20) sponse and its
 []


Underfull \hbox (badness 3250) in paragraph at lines 670--671
[]|\T1/lmr/m/n/10.95 (+20) bin in-de-pen-
 []


Underfull \hbox (badness 2197) in paragraph at lines 672--672
[]|\T1/lmr/m/n/10.95 (+20) Jacobi set, spin
 []


Underfull \hbox (badness 4205) in paragraph at lines 672--672
\T1/lmr/m/n/10.95 (+20) pro-jec-tion, final-
 []


Underfull \hbox (badness 10000) in paragraph at lines 673--673
[]|\T1/lmr/m/n/10.95 (+20) resonance-only
 []


Underfull \hbox (badness 2111) in paragraph at lines 673--674
[]|\T1/lmr/m/n/10.95 (+20) stable un-der
 []


ignored: Infinite glue shrinkage found in box being split [232]) (./chapters/laboratorie
s/lab_VI_lithium_beryllium.tex [233] [234]
Underfull \vbox (badness 10000) has occurred while \output is active []

 [235]
[236] [237]
Underfull \vbox (badness 1406) has occurred while \output is active []

 [238]
[239]
Underfull \hbox (badness 7558) in paragraph at lines 450--450
[]|\T1/lmr/m/n/10.95 (+20) retained con-tin-
 []


Underfull \hbox (badness 6016) in paragraph at lines 450--450
[]|\T1/lmr/m/n/10.95 (+20) measured func-
 []


Underfull \hbox (badness 7558) in paragraph at lines 454--454
[]|\T1/lmr/m/n/10.95 (+20) retained con-tin-
 []


Underfull \hbox (badness 6016) in paragraph at lines 454--454
[]|\T1/lmr/m/n/10.95 (+20) measured func-
 []


Underfull \hbox (badness 10000) in paragraph at lines 458--459
\T1/lmr/m/n/10.95 (+20) radius, and
 []


Underfull \hbox (badness 10000) in paragraph at lines 458--459
\T1/lmr/m/n/10.95 (+20) open/closed
 []


Underfull \hbox (badness 10000) in paragraph at lines 460--460
[]|$\OML/lmm/m/it/10.95 p \OT1/lmr/m/n/10.95 (+20) + \OML/lmm/m/it/10.95 p \OT1
/lmr/m/n/10.95 (+20) + [][]$\T1/lmr/m/n/10.95 (+20) Be
 []


Underfull \hbox (badness 10000) in paragraph at lines 460--460
\T1/lmr/m/n/10.95 (+20) CSLS ar-range-
 []


Underfull \hbox (badness 1577) in paragraph at lines 461--461
\T1/lmr/m/n/10.95 (+20) line shape and
 []


Underfull \hbox (badness 10000) in paragraph at lines 461--462
[]|\T1/lmr/m/n/10.95 (+20) inclusive sum
 []


Underfull \hbox (badness 10000) in paragraph at lines 461--462
\T1/lmr/m/n/10.95 (+20) and re-ar-range-
 []


Underfull \hbox (badness 10000) in paragraph at lines 464--464
[]|\T1/lmr/m/n/10.95 (+20) recoil-
 []


Underfull \hbox (badness 10000) in paragraph at lines 464--464
\T1/lmr/m/n/10.95 (+20) momentum-
 []


Underfull \hbox (badness 10000) in paragraph at lines 464--465
[]|\T1/lmr/m/n/10.95 (+20) distorted-wave
 []


ignored: Infinite glue shrinkage found in box being split [240]) (./chapters/problems/pr
oblems_stage_VI.tex [241] [242]) [243] [244

]
Chapter 9.
(./chapters/core/sec_exceptional_points.tex [245

]
Underfull \vbox (badness 10000) has occurred while \output is active []

 [246]
Underfull \vbox (badness 3815) has occurred while \output is active []

 [247])
(./chapters/core/app_jordan_resolvent.tex
Underfull \vbox (badness 10000) has occurred while \output is active []

 [248])
(./chapters/core/sec_ep_holonomy.tex [249] [250]
Underfull \vbox (badness 2189) has occurred while \output is active []

 [251])
(./chapters/laboratories/lab_V_exceptional_point.tex
(./source_compendium/dossier_2512_24528.tex
Underfull \vbox (badness 10000) has occurred while \output is active []

 [252]
[253]
Underfull \vbox (badness 10000) has occurred while \output is active []

 [254]
Underfull \vbox (badness 1033) has occurred while \output is active []

 [255]
<source_compendium/figures/2512_24528/lambda_region.pdf, id=4812, 361.35pt x 24
7.92625pt>
File: source_compendium/figures/2512_24528/lambda_region.pdf Graphic file (type
 pdf)
<use source_compendium/figures/2512_24528/lambda_region.pdf>
Package pdftex.def Info: source_compendium/figures/2512_24528/lambda_region.pdf
  used on input line 163.
(pdftex.def)             Requested size: 180.675pt x 123.96281pt.

Underfull \vbox (badness 2635) has occurred while \output is active []

 [256 <./source_compendium/figures/2512_24528/lambda_region.pdf>]
Underfull \vbox (badness 10000) has occurred while \output is active []

 [257]
Underfull \vbox (badness 2302) has occurred while \output is active []

 [258]
Underfull \vbox (badness 10000) has occurred while \output is active []

 [259]
[260]
Underfull \vbox (badness 2762) has occurred while \output is active []

 [261]
Underfull \vbox (badness 3826) has occurred while \output is active []

 [262]
[263] [264] [265] [266]
Underfull \vbox (badness 10000) has occurred while \output is active []

 [267]
[268] [269]
Underfull \vbox (badness 10000) has occurred while \output is active []

 [270]))
(./chapters/problems/problems_stage_VII.tex
Underfull \vbox (badness 2205) has occurred while \output is active []

 [271])
[272]
Chapter 10.
(./chapters/core/sec_black_hole_qnm.tex
Underfull \vbox (badness 1603) has occurred while \output is active []

 [273

]
Underfull \vbox (badness 7468) has occurred while \output is active []

 [274]
Underfull \vbox (badness 10000) has occurred while \output is active []

 [275]
Underfull \vbox (badness 10000) has occurred while \output is active []

 [276]
Underfull \vbox (badness 10000) has occurred while \output is active []

 [277]
Underfull \vbox (badness 10000) has occurred while \output is active []

 [278]
Underfull \vbox (badness 7504) has occurred while \output is active []

 [279]
[280]) (./chapters/core/sec_bh_exact_wkb.tex [281] [282])
(./chapters/core/sec_bh_complex_scaling.tex [283] [284])
(./chapters/laboratories/lab_VII_black_holes.tex
(./source_compendium/dossier_2604_20442.tex [285] [286] [287]
Underfull \vbox (badness 10000) has occurred while \output is active []

 [288]
Underfull \vbox (badness 10000) has occurred while \output is active []

 [289]
[290] [291]
Underfull \vbox (badness 10000) has occurred while \output is active []

 [292]
Underfull \vbox (badness 10000) has occurred while \output is active []

 [293]
<source_compendium/figures/2604_20442/fig/ene_l2_poly_nmax1_1.pdf, id=5306, 361
.35pt x 252.945pt>
File: source_compendium/figures/2604_20442/fig/ene_l2_poly_nmax1_1.pdf Graphic 
file (type pdf)
<use source_compendium/figures/2604_20442/fig/ene_l2_poly_nmax1_1.pdf>
Package pdftex.def Info: source_compendium/figures/2604_20442/fig/ene_l2_poly_n
max1_1.pdf  used on input line 708.
(pdftex.def)             Requested size: 252.9439pt x 177.06029pt.
<source_compendium/figures/2604_20442/fig/ene_l2_poly_nmax1_2.pdf, id=5307, 361
.35pt x 252.945pt>
File: source_compendium/figures/2604_20442/fig/ene_l2_poly_nmax1_2.pdf Graphic 
file (type pdf)
<use source_compendium/figures/2604_20442/fig/ene_l2_poly_nmax1_2.pdf>
Package pdftex.def Info: source_compendium/figures/2604_20442/fig/ene_l2_poly_n
max1_2.pdf  used on input line 709.
(pdftex.def)             Requested size: 252.9439pt x 177.06029pt.
<source_compendium/figures/2604_20442/fig/ene_l2_poly_nmax3_1.pdf, id=5309, 361
.35pt x 252.945pt>
File: source_compendium/figures/2604_20442/fig/ene_l2_poly_nmax3_1.pdf Graphic 
file (type pdf)
<use source_compendium/figures/2604_20442/fig/ene_l2_poly_nmax3_1.pdf>
Package pdftex.def Info: source_compendium/figures/2604_20442/fig/ene_l2_poly_n
max3_1.pdf  used on input line 729.
(pdftex.def)             Requested size: 252.9439pt x 177.06029pt.
<source_compendium/figures/2604_20442/fig/ene_l2_poly_nmax3_2.pdf, id=5310, 361
.35pt x 252.945pt>
File: source_compendium/figures/2604_20442/fig/ene_l2_poly_nmax3_2.pdf Graphic 
file (type pdf)
<use source_compendium/figures/2604_20442/fig/ene_l2_poly_nmax3_2.pdf>
Package pdftex.def Info: source_compendium/figures/2604_20442/fig/ene_l2_poly_n
max3_2.pdf  used on input line 730.
(pdftex.def)             Requested size: 252.9439pt x 177.06029pt.
<source_compendium/figures/2604_20442/fig/ene_l2_trigo_1.pdf, id=5312, 361.35pt
 x 252.945pt>
File: source_compendium/figures/2604_20442/fig/ene_l2_trigo_1.pdf Graphic file 
(type pdf)
<use source_compendium/figures/2604_20442/fig/ene_l2_trigo_1.pdf>
Package pdftex.def Info: source_compendium/figures/2604_20442/fig/ene_l2_trigo_
1.pdf  used on input line 750.
(pdftex.def)             Requested size: 252.9439pt x 177.06029pt.
<source_compendium/figures/2604_20442/fig/ene_l2_trigo_2.pdf, id=5313, 361.35pt
 x 252.945pt>
File: source_compendium/figures/2604_20442/fig/ene_l2_trigo_2.pdf Graphic file 
(type pdf)
<use source_compendium/figures/2604_20442/fig/ene_l2_trigo_2.pdf>
Package pdftex.def Info: source_compendium/figures/2604_20442/fig/ene_l2_trigo_
2.pdf  used on input line 751.
(pdftex.def)             Requested size: 252.9439pt x 177.06029pt.

[294]
Underfull \vbox (badness 10000) has occurred while \output is active []

 [295]
[296] [297 <./source_compendium/figures/2604_20442/fig/ene_l2_poly_nmax1_1.pdf>
 <./source_compendium/figures/2604_20442/fig/ene_l2_poly_nmax1_2.pdf>] [298 <./
source_compendium/figures/2604_20442/fig/ene_l2_poly_nmax3_1.pdf> <./source_com
pendium/figures/2604_20442/fig/ene_l2_poly_nmax3_2.pdf>] [299 <./source_compend
ium/figures/2604_20442/fig/ene_l2_trigo_1.pdf> <./source_compendium/figures/260
4_20442/fig/ene_l2_trigo_2.pdf>] [300

]
<source_compendium/figures/2604_20442/fig/ene_RW_l2.pdf, id=5409, 258.9675pt x 
245.91875pt>
File: source_compendium/figures/2604_20442/fig/ene_RW_l2.pdf Graphic file (type
 pdf)
<use source_compendium/figures/2604_20442/fig/ene_RW_l2.pdf>
Package pdftex.def Info: source_compendium/figures/2604_20442/fig/ene_RW_l2.pdf
  used on input line 894.
(pdftex.def)             Requested size: 162.6064pt x 154.4193pt.
<source_compendium/figures/2604_20442/fig/ene_RW_l3.pdf, id=5410, 265.99374pt x
 245.91875pt>
File: source_compendium/figures/2604_20442/fig/ene_RW_l3.pdf Graphic file (type
 pdf)
<use source_compendium/figures/2604_20442/fig/ene_RW_l3.pdf>
Package pdftex.def Info: source_compendium/figures/2604_20442/fig/ene_RW_l3.pdf
  used on input line 894.
(pdftex.def)             Requested size: 162.6064pt x 150.33667pt.
<source_compendium/figures/2604_20442/fig/ene_RW_l2_QNM.pdf, id=5411, 268.00125
pt x 245.91875pt>
File: source_compendium/figures/2604_20442/fig/ene_RW_l2_QNM.pdf Graphic file (
type pdf)
<use source_compendium/figures/2604_20442/fig/ene_RW_l2_QNM.pdf>
Package pdftex.def Info: source_compendium/figures/2604_20442/fig/ene_RW_l2_QNM
.pdf  used on input line 894.
(pdftex.def)             Requested size: 162.6064pt x 149.20718pt.
<source_compendium/figures/2604_20442/fig/ene_RW_l3_QNM.pdf, id=5412, 263.98625
pt x 245.91875pt>
File: source_compendium/figures/2604_20442/fig/ene_RW_l3_QNM.pdf Graphic file (
type pdf)
<use source_compendium/figures/2604_20442/fig/ene_RW_l3_QNM.pdf>
Package pdftex.def Info: source_compendium/figures/2604_20442/fig/ene_RW_l3_QNM
.pdf  used on input line 894.
(pdftex.def)             Requested size: 162.6064pt x 151.4774pt.
 [301]
<source_compendium/figures/2604_20442/fig/ene_exRN_s0_l0.pdf, id=5427, 270.0087
4pt x 245.91875pt>
File: source_compendium/figures/2604_20442/fig/ene_exRN_s0_l0.pdf Graphic file 
(type pdf)
<use source_compendium/figures/2604_20442/fig/ene_exRN_s0_l0.pdf>
Package pdftex.def Info: source_compendium/figures/2604_20442/fig/ene_exRN_s0_l
0.pdf  used on input line 959.
(pdftex.def)             Requested size: 126.4747pt x 115.18782pt.
<source_compendium/figures/2604_20442/fig/ene_exRN_s0_l1.pdf, id=5428, 265.9937
4pt x 245.91875pt>
File: source_compendium/figures/2604_20442/fig/ene_exRN_s0_l1.pdf Graphic file 
(type pdf)
<use source_compendium/figures/2604_20442/fig/ene_exRN_s0_l1.pdf>
Package pdftex.def Info: source_compendium/figures/2604_20442/fig/ene_exRN_s0_l
1.pdf  used on input line 959.
(pdftex.def)             Requested size: 126.4747pt x 116.92894pt.
<source_compendium/figures/2604_20442/fig/ene_exRN_s0_l2.pdf, id=5429, 265.9937
4pt x 245.91875pt>
File: source_compendium/figures/2604_20442/fig/ene_exRN_s0_l2.pdf Graphic file 
(type pdf)
<use source_compendium/figures/2604_20442/fig/ene_exRN_s0_l2.pdf>
Package pdftex.def Info: source_compendium/figures/2604_20442/fig/ene_exRN_s0_l
2.pdf  used on input line 959.
(pdftex.def)             Requested size: 126.4747pt x 116.92894pt.
<source_compendium/figures/2604_20442/fig/ene_exRN_s0_l0_QNM.pdf, id=5430, 276.
03125pt x 245.91875pt>
File: source_compendium/figures/2604_20442/fig/ene_exRN_s0_l0_QNM.pdf Graphic f
ile (type pdf)
<use source_compendium/figures/2604_20442/fig/ene_exRN_s0_l0_QNM.pdf>
Package pdftex.def Info: source_compendium/figures/2604_20442/fig/ene_exRN_s0_l
0_QNM.pdf  used on input line 959.
(pdftex.def)             Requested size: 126.4747pt x 112.67744pt.
<source_compendium/figures/2604_20442/fig/ene_exRN_s0_l1_QNM.pdf, id=5431, 271.
0125pt x 245.91875pt>
File: source_compendium/figures/2604_20442/fig/ene_exRN_s0_l1_QNM.pdf Graphic f
ile (type pdf)
<use source_compendium/figures/2604_20442/fig/ene_exRN_s0_l1_QNM.pdf>
Package pdftex.def Info: source_compendium/figures/2604_20442/fig/ene_exRN_s0_l
1_QNM.pdf  used on input line 959.
(pdftex.def)             Requested size: 126.4747pt x 114.7638pt.
<source_compendium/figures/2604_20442/fig/ene_exRN_s0_l2_QNM.pdf, id=5432, 271.
0125pt x 245.91875pt>
File: source_compendium/figures/2604_20442/fig/ene_exRN_s0_l2_QNM.pdf Graphic f
ile (type pdf)
<use source_compendium/figures/2604_20442/fig/ene_exRN_s0_l2_QNM.pdf>
Package pdftex.def Info: source_compendium/figures/2604_20442/fig/ene_exRN_s0_l
2_QNM.pdf  used on input line 959.
(pdftex.def)             Requested size: 126.4747pt x 114.7638pt.
<source_compendium/figures/2604_20442/fig/ene_exRN_s1_l1.pdf, id=5433, 265.9937
4pt x 245.91875pt>
File: source_compendium/figures/2604_20442/fig/ene_exRN_s1_l1.pdf Graphic file 
(type pdf)
<use source_compendium/figures/2604_20442/fig/ene_exRN_s1_l1.pdf>
Package pdftex.def Info: source_compendium/figures/2604_20442/fig/ene_exRN_s1_l
1.pdf  used on input line 1003.
(pdftex.def)             Requested size: 126.4747pt x 116.92894pt.
<source_compendium/figures/2604_20442/fig/ene_exRN_s1_l2.pdf, id=5434, 265.9937
4pt x 245.91875pt>
File: source_compendium/figures/2604_20442/fig/ene_exRN_s1_l2.pdf Graphic file 
(type pdf)
<use source_compendium/figures/2604_20442/fig/ene_exRN_s1_l2.pdf>
Package pdftex.def Info: source_compendium/figures/2604_20442/fig/ene_exRN_s1_l
2.pdf  used on input line 1003.
(pdftex.def)             Requested size: 126.4747pt x 116.92894pt.
<source_compendium/figures/2604_20442/fig/ene_exRN_s1_l3.pdf, id=5435, 265.9937
4pt x 245.91875pt>
File: source_compendium/figures/2604_20442/fig/ene_exRN_s1_l3.pdf Graphic file 
(type pdf)
<use source_compendium/figures/2604_20442/fig/ene_exRN_s1_l3.pdf>
Package pdftex.def Info: source_compendium/figures/2604_20442/fig/ene_exRN_s1_l
3.pdf  used on input line 1003.
(pdftex.def)             Requested size: 126.4747pt x 116.92894pt.
<source_compendium/figures/2604_20442/fig/ene_exRN_s1_l1_QNM.pdf, id=5436, 272.
01625pt x 245.91875pt>
File: source_compendium/figures/2604_20442/fig/ene_exRN_s1_l1_QNM.pdf Graphic f
ile (type pdf)
<use source_compendium/figures/2604_20442/fig/ene_exRN_s1_l1_QNM.pdf>
Package pdftex.def Info: source_compendium/figures/2604_20442/fig/ene_exRN_s1_l
1_QNM.pdf  used on input line 1003.
(pdftex.def)             Requested size: 126.4747pt x 114.34352pt.
<source_compendium/figures/2604_20442/fig/ene_exRN_s1_l2_QNM.pdf, id=5437, 266.
9975pt x 245.91875pt>
File: source_compendium/figures/2604_20442/fig/ene_exRN_s1_l2_QNM.pdf Graphic f
ile (type pdf)
<use source_compendium/figures/2604_20442/fig/ene_exRN_s1_l2_QNM.pdf>
Package pdftex.def Info: source_compendium/figures/2604_20442/fig/ene_exRN_s1_l
2_QNM.pdf  used on input line 1003.
(pdftex.def)             Requested size: 126.4747pt x 116.4899pt.
<source_compendium/figures/2604_20442/fig/ene_exRN_s1_l3_QNM.pdf, id=5438, 266.
9975pt x 245.91875pt>
File: source_compendium/figures/2604_20442/fig/ene_exRN_s1_l3_QNM.pdf Graphic f
ile (type pdf)
<use source_compendium/figures/2604_20442/fig/ene_exRN_s1_l3_QNM.pdf>
Package pdftex.def Info: source_compendium/figures/2604_20442/fig/ene_exRN_s1_l
3_QNM.pdf  used on input line 1003.
(pdftex.def)             Requested size: 126.4747pt x 116.4899pt.
<source_compendium/figures/2604_20442/fig/ene_exRN_s2_l2.pdf, id=5439, 265.9937
4pt x 245.91875pt>
File: source_compendium/figures/2604_20442/fig/ene_exRN_s2_l2.pdf Graphic file 
(type pdf)
<use source_compendium/figures/2604_20442/fig/ene_exRN_s2_l2.pdf>
Package pdftex.def Info: source_compendium/figures/2604_20442/fig/ene_exRN_s2_l
2.pdf  used on input line 1046.
(pdftex.def)             Requested size: 126.4747pt x 116.92894pt.
<source_compendium/figures/2604_20442/fig/ene_exRN_s2_l3.pdf, id=5440, 265.9937
4pt x 245.91875pt>
File: source_compendium/figures/2604_20442/fig/ene_exRN_s2_l3.pdf Graphic file 
(type pdf)
<use source_compendium/figures/2604_20442/fig/ene_exRN_s2_l3.pdf>
Package pdftex.def Info: source_compendium/figures/2604_20442/fig/ene_exRN_s2_l
3.pdf  used on input line 1046.
(pdftex.def)             Requested size: 126.4747pt x 116.92894pt.
<source_compendium/figures/2604_20442/fig/ene_exRN_s2_l4.pdf, id=5441, 265.9937
4pt x 245.91875pt>
File: source_compendium/figures/2604_20442/fig/ene_exRN_s2_l4.pdf Graphic file 
(type pdf)
<use source_compendium/figures/2604_20442/fig/ene_exRN_s2_l4.pdf>
Package pdftex.def Info: source_compendium/figures/2604_20442/fig/ene_exRN_s2_l
4.pdf  used on input line 1046.
(pdftex.def)             Requested size: 126.4747pt x 116.92894pt.
<source_compendium/figures/2604_20442/fig/ene_exRN_s2_l2_QNM.pdf, id=5442, 272.
01625pt x 245.91875pt>
File: source_compendium/figures/2604_20442/fig/ene_exRN_s2_l2_QNM.pdf Graphic f
ile (type pdf)
<use source_compendium/figures/2604_20442/fig/ene_exRN_s2_l2_QNM.pdf>
Package pdftex.def Info: source_compendium/figures/2604_20442/fig/ene_exRN_s2_l
2_QNM.pdf  used on input line 1046.
(pdftex.def)             Requested size: 126.4747pt x 114.34352pt.
<source_compendium/figures/2604_20442/fig/ene_exRN_s2_l3_QNM.pdf, id=5443, 266.
9975pt x 245.91875pt>
File: source_compendium/figures/2604_20442/fig/ene_exRN_s2_l3_QNM.pdf Graphic f
ile (type pdf)
<use source_compendium/figures/2604_20442/fig/ene_exRN_s2_l3_QNM.pdf>
Package pdftex.def Info: source_compendium/figures/2604_20442/fig/ene_exRN_s2_l
3_QNM.pdf  used on input line 1046.
(pdftex.def)             Requested size: 126.4747pt x 116.4899pt.
<source_compendium/figures/2604_20442/fig/ene_exRN_s2_l4_QNM.pdf, id=5444, 266.
9975pt x 245.91875pt>
File: source_compendium/figures/2604_20442/fig/ene_exRN_s2_l4_QNM.pdf Graphic f
ile (type pdf)
<use source_compendium/figures/2604_20442/fig/ene_exRN_s2_l4_QNM.pdf>
Package pdftex.def Info: source_compendium/figures/2604_20442/fig/ene_exRN_s2_l
4_QNM.pdf  used on input line 1046.
(pdftex.def)             Requested size: 126.4747pt x 116.4899pt.
 [302 <./source_compendium/figures/2604_20442/fig/ene_RW_l2.pdf> <./source_comp
endium/figures/2604_20442/fig/ene_RW_l3.pdf> <./source_compendium/figures/2604_
20442/fig/ene_RW_l2_QNM.pdf> <./source_compendium/figures/2604_20442/fig/ene_RW
_l3_QNM.pdf>]
Underfull \vbox (badness 1701) has occurred while \output is active []

 [303]
[304 <./source_compendium/figures/2604_20442/fig/ene_exRN_s0_l0.pdf> <./source_
compendium/figures/2604_20442/fig/ene_exRN_s0_l1.pdf> <./source_compendium/figu
res/2604_20442/fig/ene_exRN_s0_l2.pdf> <./source_compendium/figures/2604_20442/
fig/ene_exRN_s0_l0_QNM.pdf> <./source_compendium/figures/2604_20442/fig/ene_exR
N_s0_l1_QNM.pdf> <./source_compendium/figures/2604_20442/fig/ene_exRN_s0_l2_QNM
.pdf> <./source_compendium/figures/2604_20442/fig/ene_exRN_s1_l1.pdf> <./source
_compendium/figures/2604_20442/fig/ene_exRN_s1_l2.pdf> <./source_compendium/fig
ures/2604_20442/fig/ene_exRN_s1_l3.pdf> <./source_compendium/figures/2604_20442
/fig/ene_exRN_s1_l1_QNM.pdf> <./source_compendium/figures/2604_20442/fig/ene_ex
RN_s1_l2_QNM.pdf> <./source_compendium/figures/2604_20442/fig/ene_exRN_s1_l3_QN
M.pdf>] [305 <./source_compendium/figures/2604_20442/fig/ene_exRN_s2_l2.pdf> <.
/source_compendium/figures/2604_20442/fig/ene_exRN_s2_l3.pdf> <./source_compend
ium/figures/2604_20442/fig/ene_exRN_s2_l4.pdf> <./source_compendium/figures/260
4_20442/fig/ene_exRN_s2_l2_QNM.pdf> <./source_compendium/figures/2604_20442/fig
/ene_exRN_s2_l3_QNM.pdf> <./source_compendium/figures/2604_20442/fig/ene_exRN_s
2_l4_QNM.pdf>] [306] [307] [308] [309]
Underfull \vbox (badness 10000) has occurred while \output is active []

 [310]
[311] [312] [313]
Underfull \vbox (badness 10000) has occurred while \output is active []

 [314

]
<source_compendium/figures/2604_20442/fig/cld_s1_l3.pdf, id=5850, 263.98625pt x
 247.92625pt>
File: source_compendium/figures/2604_20442/fig/cld_s1_l3.pdf Graphic file (type
 pdf)
<use source_compendium/figures/2604_20442/fig/cld_s1_l3.pdf>
Package pdftex.def Info: source_compendium/figures/2604_20442/fig/cld_s1_l3.pdf
  used on input line 1732.
(pdftex.def)             Requested size: 173.44646pt x 162.89413pt.
Package pdftex.def Info: Option `bb' equivalent to `viewport' with the pdftex d
river on input line 1734.
<source_compendium/figures/2604_20442/fig/lev-th10-20-eps-converted-to.pdf, id=
5851, 361.35pt x 252.945pt>
File: source_compendium/figures/2604_20442/fig/lev-th10-20-eps-converted-to.pdf
 Graphic file (type pdf)
<use source_compendium/figures/2604_20442/fig/lev-th10-20-eps-converted-to.pdf>

Package pdftex.def Info: source_compendium/figures/2604_20442/fig/lev-th10-20-e
ps-converted-to.pdf  used on input line 1734.
(pdftex.def)             Requested size: 162.6064pt x 151.77238pt.

Underfull \vbox (badness 10000) has occurred while \output is active []

 [315]
Underfull \vbox (badness 10000) has occurred while \output is active []

 [316 <./source_compendium/figures/2604_20442/fig/cld_s1_l3.pdf> <./source_comp
endium/figures/2604_20442/fig/lev-th10-20-eps-converted-to.pdf>]) [317])
(./chapters/core/sec_bh_desitter.tex [318

] [319])
(./chapters/laboratories/lab_VIII_desitter.tex
(./source_compendium/dossier_2605_03277.tex
Underfull \hbox (badness 1158) in paragraph at lines 8--8
[]\T1/lmr/bx/n/10.95 (+20) Calculation goal. \T1/lmr/m/n/10.95 (+20) Two-horizo
n com-plex scal-ing, QNM and
 []


Underfull \vbox (badness 4229) has occurred while \output is active []

 [320]
[321]
<source_compendium/figures/2605_03277/fig/ene_SdS_s0_l2_lam0.08.pdf, id=5947, 2
65.99374pt x 245.91875pt>
File: source_compendium/figures/2605_03277/fig/ene_SdS_s0_l2_lam0.08.pdf Graphi
c file (type pdf)
<use source_compendium/figures/2605_03277/fig/ene_SdS_s0_l2_lam0.08.pdf>
Package pdftex.def Info: source_compendium/figures/2605_03277/fig/ene_SdS_s0_l2
_lam0.08.pdf  used on input line 224.
(pdftex.def)             Requested size: 162.6064pt x 150.33667pt.
<source_compendium/figures/2605_03277/fig/ene_SdS_s0_l3_lam0.08.pdf, id=5948, 2
65.99374pt x 245.91875pt>
File: source_compendium/figures/2605_03277/fig/ene_SdS_s0_l3_lam0.08.pdf Graphi
c file (type pdf)
<use source_compendium/figures/2605_03277/fig/ene_SdS_s0_l3_lam0.08.pdf>
Package pdftex.def Info: source_compendium/figures/2605_03277/fig/ene_SdS_s0_l3
_lam0.08.pdf  used on input line 224.
(pdftex.def)             Requested size: 162.6064pt x 150.33667pt.
<source_compendium/figures/2605_03277/fig/ene_SdS_s1_l2_lam0.08.pdf, id=5949, 2
65.99374pt x 245.91875pt>
File: source_compendium/figures/2605_03277/fig/ene_SdS_s1_l2_lam0.08.pdf Graphi
c file (type pdf)
<use source_compendium/figures/2605_03277/fig/ene_SdS_s1_l2_lam0.08.pdf>
Package pdftex.def Info: source_compendium/figures/2605_03277/fig/ene_SdS_s1_l2
_lam0.08.pdf  used on input line 251.
(pdftex.def)             Requested size: 162.6064pt x 150.33667pt.
<source_compendium/figures/2605_03277/fig/ene_SdS_s1_l3_lam0.08.pdf, id=5950, 2
65.99374pt x 245.91875pt>
File: source_compendium/figures/2605_03277/fig/ene_SdS_s1_l3_lam0.08.pdf Graphi
c file (type pdf)
<use source_compendium/figures/2605_03277/fig/ene_SdS_s1_l3_lam0.08.pdf>
Package pdftex.def Info: source_compendium/figures/2605_03277/fig/ene_SdS_s1_l3
_lam0.08.pdf  used on input line 251.
(pdftex.def)             Requested size: 162.6064pt x 150.33667pt.
<source_compendium/figures/2605_03277/fig/ene_SdS_s2_l2_lam0.08.pdf, id=5951, 2
65.99374pt x 245.91875pt>
File: source_compendium/figures/2605_03277/fig/ene_SdS_s2_l2_lam0.08.pdf Graphi
c file (type pdf)
<use source_compendium/figures/2605_03277/fig/ene_SdS_s2_l2_lam0.08.pdf>
Package pdftex.def Info: source_compendium/figures/2605_03277/fig/ene_SdS_s2_l2
_lam0.08.pdf  used on input line 272.
(pdftex.def)             Requested size: 162.6064pt x 150.33667pt.
<source_compendium/figures/2605_03277/fig/ene_SdS_s2_l3_lam0.08.pdf, id=5952, 2
65.99374pt x 245.91875pt>
File: source_compendium/figures/2605_03277/fig/ene_SdS_s2_l3_lam0.08.pdf Graphi
c file (type pdf)
<use source_compendium/figures/2605_03277/fig/ene_SdS_s2_l3_lam0.08.pdf>
Package pdftex.def Info: source_compendium/figures/2605_03277/fig/ene_SdS_s2_l3
_lam0.08.pdf  used on input line 272.
(pdftex.def)             Requested size: 162.6064pt x 150.33667pt.
 [322 <./source_compendium/figures/2605_03277/fig/ene_SdS_s0_l2_lam0.08.pdf> <.
/source_compendium/figures/2605_03277/fig/ene_SdS_s0_l3_lam0.08.pdf>]
[323 <./source_compendium/figures/2605_03277/fig/ene_SdS_s1_l2_lam0.08.pdf> <./
source_compendium/figures/2605_03277/fig/ene_SdS_s1_l3_lam0.08.pdf> <./source_c
ompendium/figures/2605_03277/fig/ene_SdS_s2_l2_lam0.08.pdf> <./source_compendiu
m/figures/2605_03277/fig/ene_SdS_s2_l3_lam0.08.pdf>]
Underfull \vbox (badness 10000) has occurred while \output is active []

 [324]
[325]
<source_compendium/figures/2605_03277/fig/cld_s0_l2.pdf, id=6061, 523.9575pt x 
114.4275pt>
File: source_compendium/figures/2605_03277/fig/cld_s0_l2.pdf Graphic file (type
 pdf)
<use source_compendium/figures/2605_03277/fig/cld_s0_l2.pdf>
Package pdftex.def Info: source_compendium/figures/2605_03277/fig/cld_s0_l2.pdf
  used on input line 472.
(pdftex.def)             Requested size: 361.35pt x 78.91664pt.
<source_compendium/figures/2605_03277/fig/cld_s0_l3.pdf, id=6062, 523.9575pt x 
114.4275pt>
File: source_compendium/figures/2605_03277/fig/cld_s0_l3.pdf Graphic file (type
 pdf)
<use source_compendium/figures/2605_03277/fig/cld_s0_l3.pdf>
Package pdftex.def Info: source_compendium/figures/2605_03277/fig/cld_s0_l3.pdf
  used on input line 481.
(pdftex.def)             Requested size: 361.35pt x 78.91664pt.
<source_compendium/figures/2605_03277/fig/cld_s1_l2.pdf, id=6065, 523.9575pt x 
114.4275pt>
File: source_compendium/figures/2605_03277/fig/cld_s1_l2.pdf Graphic file (type
 pdf)
<use source_compendium/figures/2605_03277/fig/cld_s1_l2.pdf>
Package pdftex.def Info: source_compendium/figures/2605_03277/fig/cld_s1_l2.pdf
  used on input line 488.
(pdftex.def)             Requested size: 361.35pt x 78.91664pt.
<source_compendium/figures/2605_03277/fig/cld_s1_l3.pdf, id=6068, 523.9575pt x 
114.4275pt>
File: source_compendium/figures/2605_03277/fig/cld_s1_l3.pdf Graphic file (type
 pdf)
<use source_compendium/figures/2605_03277/fig/cld_s1_l3.pdf>
Package pdftex.def Info: source_compendium/figures/2605_03277/fig/cld_s1_l3.pdf
  used on input line 494.
(pdftex.def)             Requested size: 361.35pt x 78.91664pt.
<source_compendium/figures/2605_03277/fig/cld_s2_l2.pdf, id=6071, 523.9575pt x 
114.4275pt>
File: source_compendium/figures/2605_03277/fig/cld_s2_l2.pdf Graphic file (type
 pdf)
<use source_compendium/figures/2605_03277/fig/cld_s2_l2.pdf>
Package pdftex.def Info: source_compendium/figures/2605_03277/fig/cld_s2_l2.pdf
  used on input line 500.
(pdftex.def)             Requested size: 361.35pt x 78.91664pt.
<source_compendium/figures/2605_03277/fig/cld_s2_l3.pdf, id=6074, 523.9575pt x 
114.4275pt>
File: source_compendium/figures/2605_03277/fig/cld_s2_l3.pdf Graphic file (type
 pdf)
<use source_compendium/figures/2605_03277/fig/cld_s2_l3.pdf>
Package pdftex.def Info: source_compendium/figures/2605_03277/fig/cld_s2_l3.pdf
  used on input line 506.
(pdftex.def)             Requested size: 361.35pt x 78.91664pt.

Underfull \vbox (badness 10000) has occurred while \output is active []

 [326]
[327 <./source_compendium/figures/2605_03277/fig/cld_s0_l2.pdf> <./source_compe
ndium/figures/2605_03277/fig/cld_s0_l3.pdf> <./source_compendium/figures/2605_0
3277/fig/cld_s1_l2.pdf>] [328 <./source_compendium/figures/2605_03277/fig/cld_s
1_l3.pdf> <./source_compendium/figures/2605_03277/fig/cld_s2_l2.pdf>] [329 <./s
ource_compendium/figures/2605_03277/fig/cld_s2_l3.pdf>]
Underfull \vbox (badness 5490) has occurred while \output is active []

 [330]
Underfull \vbox (badness 10000) has occurred while \output is active []

 [331]
Underfull \vbox (badness 10000) has occurred while \output is active []

 [332]
<source_compendium/figures/2605_03277/fig/stringy_coupled_spectrum.pdf, id=6237
, 401.5pt x 401.5pt>
File: source_compendium/figures/2605_03277/fig/stringy_coupled_spectrum.pdf Gra
phic file (type pdf)
<use source_compendium/figures/2605_03277/fig/stringy_coupled_spectrum.pdf>
Package pdftex.def Info: source_compendium/figures/2605_03277/fig/stringy_coupl
ed_spectrum.pdf  used on input line 862.
(pdftex.def)             Requested size: 271.0125pt x 271.03143pt.

[333] [334 <./source_compendium/figures/2605_03277/fig/stringy_coupled_spectrum
.pdf>]
Underfull \hbox (badness 1983) in paragraph at lines 927--938
\T1/lmr/m/n/10.95 (+20) As an-other nat-u-ral di-rec-tion, one may con-sider hi
gher-dimensional
 []


Underfull \vbox (badness 10000) has occurred while \output is active []

 [335]
<source_compendium/figures/2605_03277/fig/ene_ds_d_s2_l2.pdf, id=6270, 301.125p
t x 301.125pt>
File: source_compendium/figures/2605_03277/fig/ene_ds_d_s2_l2.pdf Graphic file 
(type pdf)
<use source_compendium/figures/2605_03277/fig/ene_ds_d_s2_l2.pdf>
Package pdftex.def Info: source_compendium/figures/2605_03277/fig/ene_ds_d_s2_l
2.pdf  used on input line 999.
(pdftex.def)             Requested size: 162.6064pt x 162.61426pt.
<source_compendium/figures/2605_03277/fig/ene_ds_d_s2_l3.pdf, id=6271, 301.125p
t x 301.125pt>
File: source_compendium/figures/2605_03277/fig/ene_ds_d_s2_l3.pdf Graphic file 
(type pdf)
<use source_compendium/figures/2605_03277/fig/ene_ds_d_s2_l3.pdf>
Package pdftex.def Info: source_compendium/figures/2605_03277/fig/ene_ds_d_s2_l
3.pdf  used on input line 1000.
(pdftex.def)             Requested size: 162.6064pt x 162.61426pt.
<source_compendium/figures/2605_03277/fig/ene_ds_d_s1_l2.pdf, id=6276, 301.125p
t x 301.125pt>
File: source_compendium/figures/2605_03277/fig/ene_ds_d_s1_l2.pdf Graphic file 
(type pdf)
<use source_compendium/figures/2605_03277/fig/ene_ds_d_s1_l2.pdf>
Package pdftex.def Info: source_compendium/figures/2605_03277/fig/ene_ds_d_s1_l
2.pdf  used on input line 1026.
(pdftex.def)             Requested size: 162.6064pt x 162.61426pt.
<source_compendium/figures/2605_03277/fig/ene_ds_d_s1_l3.pdf, id=6277, 301.125p
t x 301.125pt>
File: source_compendium/figures/2605_03277/fig/ene_ds_d_s1_l3.pdf Graphic file 
(type pdf)
<use source_compendium/figures/2605_03277/fig/ene_ds_d_s1_l3.pdf>
Package pdftex.def Info: source_compendium/figures/2605_03277/fig/ene_ds_d_s1_l
3.pdf  used on input line 1027.
(pdftex.def)             Requested size: 162.6064pt x 162.61426pt.

[336]
Underfull \vbox (badness 2744) has occurred while \output is active []

 [337 <./source_compendium/figures/2605_03277/fig/ene_ds_d_s2_l2.pdf> <./source
_compendium/figures/2605_03277/fig/ene_ds_d_s2_l3.pdf>] [338 <./source_compendi
um/figures/2605_03277/fig/ene_ds_d_s1_l2.pdf> <./source_compendium/figures/2605
_03277/fig/ene_ds_d_s1_l3.pdf>]
Underfull \vbox (badness 1303) has occurred while \output is active []

 [339]
Underfull \vbox (badness 10000) has occurred while \output is active []

 [340]))
(./chapters/problems/problems_stage_VIII.tex [341]) [342] [343

]
Chapter 11.
(./chapters/core/sec_unified_dictionary.tex [344

]
Underfull \vbox (badness 10000) has occurred while \output is active []

 [345])
(./chapters/core/sec_program_development.tex
Underfull \vbox (badness 10000) has occurred while \output is active []

 [346]
Underfull \hbox (badness 10000) in paragraph at lines 34--34
[]|\T1/lmr/m/n/10.95 (+20) divergent Gamow
 []


Underfull \hbox (badness 10000) in paragraph at lines 37--37
[]|\T1/lmr/m/n/10.95 (+20) isolated res-o-nance
 []


Underfull \hbox (badness 10000) in paragraph at lines 46--46
[]|\T1/lmr/m/n/10.95 (+20) black-hole damp-ing
 []

[347]) (./chapters/core/sec_open_problems.tex [348] [349] [350] [351])
(./chapters/core/app_numerical_checklist.tex [352])
(./chapters/core/sec_conclusions.tex [353]) [354] [355

]
(./chapters/appendices/app_resummation_instantons.tex
Appendix A.

Underfull \vbox (badness 6691) has occurred while \output is active []

 [356

]
Underfull \vbox (badness 6995) has occurred while \output is active []

 [357]
Underfull \vbox (badness 10000) has occurred while \output is active []

 [358]
[359] [360] [361] [362]
Underfull \vbox (badness 1297) has occurred while \output is active []

 [363]
[364] [365]
Package hyperref Info: bookmark level for unknown lstlisting defaults to 0 on i
nput line 553.
 (./notebooks/resummation_workflow.wl [366]
Underfull \vbox (badness 10000) has occurred while \output is active []

 [367])
[368]) [369] [370] (./chapters/backmatter/solutions.tex [371


] [372] [373]
[374] [375]
Underfull \vbox (badness 6775) has occurred while \output is active []

 [376]
Underfull \vbox (badness 10000) has occurred while \output is active []

 [377]
[378]
Underfull \vbox (badness 4886) has occurred while \output is active []

 [379]
[380] [381]) (./chapters/backmatter/glossary.tex [382] [383

] [384] [385]
[386] [387] [388] [389] [390]) (./chapters/backmatter/bibliographical_notes.tex
[391] [392

]
Underfull \vbox (badness 10000) has occurred while \output is active []

 [393]
[394] [395]) (./main.bbl
Underfull \vbox (badness 10000) has occurred while \output is active []

 [396]
[397] [398

] [399] [400] [401] [402] [403] [404] [405] [406] [407] [408]
[409] [410] [411] [412] [413] [414] [415] [416])
(./chapters/backmatter/index_crossrefs.tex) [417]
runsystem(makeindex main.idx)...executed safely (allowed).

 (./main.ind [418


] [419]
[420] [421] [422] [423]) [424] (./main.aux)
 ***********
LaTeX2e <2025-11-01>
L3 programming layer <2026-01-19>
 ***********
Package rerunfilecheck Info: File `main.out' has not changed.
(rerunfilecheck)             Checksum: DD0894DA6A61BC69182225926653EF53;99669.
 ) 
Here is how much of TeX's memory you used:
 42798 strings out of 467525
 864248 string characters out of 5418983
 1639190 words of memory out of 5000000
 67554 multiletter control sequences out of 15000+600000
 865684 words of font info for 524 fonts, out of 8000000 for 9000
 1141 hyphenation exceptions out of 8191
 86i,20n,96p,1359b,2163s stack positions out of 10000i,1000n,20000p,200000b,200000s
</usr/local/texlive/2026/texmf-dist/fonts/type1/public/amsfonts/euler/eufm10.
pfb></usr/local/texlive/2026/texmf-dist/fonts/type1/public/lm/lmbsy10.pfb></usr
/local/texlive/2026/texmf-dist/fonts/type1/public/lm/lmbx10.pfb></usr/local/tex
live/2026/texmf-dist/fonts/type1/public/lm/lmbx12.pfb></usr/local/texlive/2026/
texmf-dist/fonts/type1/public/lm/lmbx8.pfb></usr/local/texlive/2026/texmf-dist/
fonts/type1/public/lm/lmbx9.pfb></usr/local/texlive/2026/texmf-dist/fonts/type1
/public/lm/lmbxi10.pfb></usr/local/texlive/2026/texmf-dist/fonts/type1/public/l
m/lmex10.pfb></usr/local/texlive/2026/texmf-dist/fonts/type1/public/lm/lmmi10.p
fb></usr/local/texlive/2026/texmf-dist/fonts/type1/public/lm/lmmi12.pfb></usr/l
ocal/texlive/2026/texmf-dist/fonts/type1/public/lm/lmmi5.pfb></usr/local/texliv
e/2026/texmf-dist/fonts/type1/public/lm/lmmi6.pfb></usr/local/texlive/2026/texm
f-dist/fonts/type1/public/lm/lmmi7.pfb></usr/local/texlive/2026/texmf-dist/font
s/type1/public/lm/lmmi8.pfb></usr/local/texlive/2026/texmf-dist/fonts/type1/pub
lic/lm/lmmi9.pfb></usr/local/texlive/2026/texmf-dist/fonts/type1/public/lm/lmmi
b10.pfb></usr/local/texlive/2026/texmf-dist/fonts/type1/public/lm/lmr10.pfb></u
sr/local/texlive/2026/texmf-dist/fonts/type1/public/lm/lmr12.pfb></usr/local/te
xlive/2026/texmf-dist/fonts/type1/public/lm/lmr17.pfb></usr/local/texlive/2026/
texmf-dist/fonts/type1/public/lm/lmr5.pfb></usr/local/texlive/2026/texmf-dist/f
onts/type1/public/lm/lmr6.pfb></usr/local/texlive/2026/texmf-dist/fonts/type1/p
ublic/lm/lmr7.pfb></usr/local/texlive/2026/texmf-dist/fonts/type1/public/lm/lmr
8.pfb></usr/local/texlive/2026/texmf-dist/fonts/type1/public/lm/lmr9.pfb></usr/
local/texlive/2026/texmf-dist/fonts/type1/public/lm/lmri10.pfb></usr/local/texl
ive/2026/texmf-dist/fonts/type1/public/lm/lmri9.pfb></usr/local/texlive/2026/te
xmf-dist/fonts/type1/public/lm/lmss10.pfb></usr/local/texlive/2026/texmf-dist/f
onts/type1/public/lm/lmss8.pfb></usr/local/texlive/2026/texmf-dist/fonts/type1/
public/lm/lmsy10.pfb></usr/local/texlive/2026/texmf-dist/fonts/type1/public/lm/
lmsy5.pfb></usr/local/texlive/2026/texmf-dist/fonts/type1/public/lm/lmsy6.pfb><
/usr/local/texlive/2026/texmf-dist/fonts/type1/public/lm/lmsy7.pfb></usr/local/
texlive/2026/texmf-dist/fonts/type1/public/lm/lmsy8.pfb></usr/local/texlive/202
6/texmf-dist/fonts/type1/public/lm/lmsy9.pfb></usr/local/texlive/2026/texmf-dis
t/fonts/type1/public/lm/lmtt10.pfb></usr/local/texlive/2026/texmf-dist/fonts/ty
pe1/public/lm/lmtt9.pfb></usr/local/texlive/2026/texmf-dist/fonts/type1/public/
amsfonts/symbols/msam10.pfb></usr/local/texlive/2026/texmf-dist/fonts/type1/pub
lic/amsfonts/symbols/msbm10.pfb></usr/local/texlive/2026/texmf-dist/fonts/type1
/public/amsfonts/symbols/msbm7.pfb>
Output written on main.pdf (446 pages, 4125800 bytes).
PDF statistics:
 9647 PDF objects out of 10688 (max. 8388607)
 8698 compressed objects within 87 object streams
 2565 named destinations out of 2984 (max. 500000)
 123448 words of extra memory for PDF output out of 128383 (max. 10000000)

